time,open,high,low,close,atr_1.5,EMA20COLOR,aroon_strength
2024-07-15 17:40:00,18610.24,18616.28,18606.24,18607.79,False,White,Neutro
2024-07-15 17:45:00,18608.85,18614.3,18602.26,18610.28,False,White,Neutro
2024-07-15 17:50:00,18610.87,18613.28,18604.82,18606.28,False,White,Neutro
2024-07-15 17:55:00,18606.83,18610.82,18605.91,18607.91,False,White,Neutro
2024-07-15 18:00:00,18608.29,18608.3,18591.86,18594.31,False,White,Neutro
2024-07-15 18:05:00,18593.9,18599.87,18590.82,18599.87,False,Red,Neutro
2024-07-15 18:10:00,18599.32,18600.31,18583.28,18583.31,False,White,Neutro
2024-07-15 18:15:00,18584.29,18590.32,18579.84,18585.32,False,Red,Neutro
2024-07-15 18:20:00,18585.86,18590.34,18579.3,18587.93,False,Red,Neutro
2024-07-15 18:25:00,18588.31,18588.31,18578.31,18583.02,False,Red,Neutro
2024-07-15 18:30:00,18582.1,18584.33,18572.93,18576.34,False,Red,Neutro
2024-07-15 18:35:00,18576.94,18579.36,18571.84,18575.33,False,Red,Neutro
2024-07-15 18:40:00,18574.36,18589.97,18568.33,18572.33,False,White,Neutro
2024-07-15 18:45:00,18573.36,18574.37,18556.95,18568.96,False,Red,Neutro
2024-07-15 18:50:00,18568.35,18572.39,18566.38,18571.37,False,Red,Forte Baixa
2024-07-15 18:55:00,18571.01,18581.04,18568.37,18575.38,False,Red,Forte Baixa
2024-07-15 19:00:00,18576.38,18576.38,18553.85,18561.41,False,Red,Forte Baixa
2024-07-15 19:05:00,18561.01,18578.41,18560.36,18575.98,False,Red,Forte Baixa
2024-07-15 19:10:00,18576.38,18576.39,18559.02,18562.4,False,Red,Forte Baixa
2024-07-15 19:15:00,18561.98,18567.42,18555.99,18564.41,False,Red,Médio
2024-07-15 19:20:00,18563.42,18574.42,18558.41,18572.42,False,Red,Médio
2024-07-15 19:25:00,18572.0,18572.4,18555.39,18561.43,False,Red,Médio
2024-07-15 19:30:00,18560.98,18560.98,18543.91,18547.41,False,Red,Forte Baixa
2024-07-15 19:35:00,18548.04,18555.96,18547.41,18551.43,False,Red,Neutro
2024-07-15 19:40:00,18550.46,18556.06,18550.03,18551.46,False,Red,Forte Baixa
2024-07-15 19:45:00,18551.04,18555.97,18548.96,18551.45,False,Red,Médio
2024-07-15 19:50:00,18551.06,18563.43,18551.06,18561.44,False,Red,Médio
2024-07-15 19:55:00,18561.06,18562.02,18553.45,18554.48,False,Red,Médio
2024-07-15 20:00:00,18555.41,18563.48,18551.08,18563.48,False,Red,Médio
2024-07-15 20:05:00,18563.02,18565.48,18557.45,18564.49,False,White,Médio
2024-07-15 20:10:00,18565.48,18568.05,18554.44,18560.49,False,White,Neutro
2024-07-15 20:15:00,18561.01,18565.5,18557.49,18563.48,False,White,Neutro
2024-07-15 20:20:00,18564.01,18579.16,18563.5,18576.5,False,White,Neutro
2024-07-15 20:25:00,18576.12,18581.07,18572.03,18580.12,False,Green,Neutro
2024-07-15 20:30:00,18580.4,18591.52,18577.51,18587.5,False,Green,Forte Alta
2024-07-15 20:35:00,18588.02,18591.07,18579.14,18583.53,False,Green,Forte Alta
2024-07-15 20:40:00,18584.06,18588.14,18582.49,18584.53,False,Green,Forte Alta
2024-07-15 20:45:00,18585.07,18587.13,18581.54,18582.55,False,Green,Médio
2024-07-15 20:50:00,18582.09,18586.18,18577.51,18584.11,False,Green,Médio
2024-07-15 20:55:00,18583.51,18590.44,18583.51,18590.11,False,Green,Médio
2024-07-15 21:00:00,18590.54,18593.14,18588.14,18590.16,False,Green,Forte Alta
2024-07-15 21:05:00,18589.54,18594.17,18585.57,18592.56,False,Green,Forte Alta
2024-07-15 21:10:00,18591.53,18594.58,18590.54,18594.55,False,Green,Forte Alta
2024-07-15 21:15:00,18593.57,18599.57,18591.54,18599.48,False,Green,Forte Alta
2024-07-15 21:20:00,18597.59,18599.1,18593.56,18596.6,False,Green,Forte Alta
2024-07-15 21:25:00,18596.2,18596.56,18588.12,18590.18,False,Green,Forte Alta
2024-07-15 21:30:00,18591.23,18594.21,18590.6,18593.62,False,Green,Médio
2024-07-15 21:35:00,18593.61,18593.65,18581.6,18583.16,False,White,Médio
2024-07-15 21:40:00,18583.63,18586.63,18574.13,18575.61,False,White,Neutro
2024-07-15 21:45:00,18574.19,18576.18,18562.14,18567.26,False,Red,Neutro
2024-07-15 21:50:00,18565.6,18568.65,18553.63,18566.64,False,Red,Neutro
2024-07-15 21:55:00,18567.62,18573.22,18561.14,18568.61,False,Red,Neutro
2024-07-16 02:15:00,18593.45,18594.47,18580.5,18584.55,False,Green,Neutro
2024-07-16 02:20:00,18585.41,18590.54,18580.5,18588.5,False,White,Médio
2024-07-16 02:25:00,18588.55,18590.48,18581.46,18582.54,False,Green,Médio
2024-07-16 02:30:00,18584.53,18589.54,18583.47,18585.57,False,Green,Médio
2024-07-16 02:35:00,18585.48,18587.53,18574.5,18574.54,False,White,Médio
2024-07-16 02:40:00,18574.55,18583.58,18574.54,18579.57,False,White,Médio
2024-07-16 02:45:00,18580.49,18588.58,18578.53,18587.58,False,White,Neutro
2024-07-16 02:50:00,18588.58,18588.59,18584.47,18584.55,False,Green,Neutro
2024-07-16 02:55:00,18585.51,18587.53,18583.49,18584.6,False,Green,Neutro
2024-07-16 03:00:00,18585.53,18589.61,18584.57,18586.56,False,Green,Neutro
2024-07-16 03:05:00,18586.54,18590.61,18583.61,18589.6,False,Green,Neutro
2024-07-16 03:10:00,18588.58,18590.62,18585.61,18585.62,False,Green,Neutro
2024-07-16 03:15:00,18585.62,18588.61,18578.61,18584.59,False,White,Neutro
2024-07-16 03:20:00,18585.62,18588.64,18582.54,18587.59,False,White,Neutro
2024-07-16 03:25:00,18588.62,18588.64,18582.55,18583.65,False,White,Neutro
2024-07-16 03:30:00,18584.65,18589.65,18583.61,18587.62,False,White,Médio
2024-07-16 03:35:00,18587.56,18588.66,18583.62,18583.62,False,White,Médio
2024-07-16 03:40:00,18583.66,18586.65,18578.65,18582.66,False,White,Médio
2024-07-16 03:45:00,18582.57,18585.67,18579.67,18584.65,False,White,Médio
2024-07-16 03:50:00,18584.63,18585.68,18582.59,18583.67,False,White,Neutro
2024-07-16 03:55:00,18583.61,18586.68,18580.59,18586.68,False,White,Neutro
2024-07-16 04:00:00,18586.61,18591.68,18586.61,18589.7,False,Green,Neutro
2024-07-16 04:05:00,18589.6,18589.7,18587.68,18588.7,False,Green,Neutro
2024-07-16 04:10:00,18588.58,18589.71,18588.58,18589.71,False,Green,Neutro
2024-07-16 04:15:00,18588.64,18589.7,18582.63,18583.71,False,White,Médio
2024-07-16 04:20:00,18583.68,18586.7,18583.64,18585.72,False,White,Médio
2024-07-16 04:25:00,18585.72,18590.73,18585.72,18588.69,False,White,Médio
2024-07-16 04:30:00,18588.7,18589.73,18586.62,18586.7,False,Green,Médio
2024-07-16 04:35:00,18586.63,18588.75,18584.67,18587.75,False,White,Médio
2024-07-16 04:40:00,18587.72,18588.73,18583.65,18588.73,False,White,Neutro
2024-07-16 04:45:00,18588.67,18590.74,18587.71,18590.72,False,Green,Neutro
2024-07-16 04:50:00,18590.69,18590.76,18588.66,18589.76,False,Green,Neutro
2024-07-16 04:55:00,18589.68,18590.77,18589.65,18590.75,False,Green,Neutro
2024-07-16 05:00:00,18590.65,18590.78,18587.68,18589.77,False,Green,Neutro
2024-07-16 05:05:00,18589.71,18589.78,18587.69,18587.79,False,Green,Neutro
2024-07-16 05:10:00,18588.69,18589.76,18585.71,18589.76,False,White,Neutro
2024-07-16 05:15:00,18589.79,18589.8,18588.69,18589.77,False,Green,Médio
2024-07-16 05:20:00,18590.7,18591.81,18590.68,18591.76,False,Green,Forte Alta
2024-07-16 05:25:00,18591.8,18592.81,18589.7,18590.82,False,Green,Forte Alta
2024-07-16 05:30:00,18590.81,18590.82,18587.75,18588.81,False,White,Forte Alta
2024-07-16 05:35:00,18588.73,18590.83,18588.71,18589.83,False,White,Neutro
2024-07-16 05:40:00,18589.81,18590.83,18588.75,18588.83,False,Green,Médio
2024-07-16 05:45:00,18588.82,18591.78,18586.76,18587.83,False,White,Médio
2024-07-16 05:50:00,18587.73,18590.85,18587.73,18590.84,False,White,Médio
2024-07-16 05:55:00,18590.81,18590.81,18585.84,18585.84,False,White,Médio
2024-07-16 06:00:00,18584.81,18586.86,18583.76,18584.87,False,Red,Neutro
2024-07-16 06:05:00,18584.79,18585.85,18582.78,18582.86,False,Red,Neutro
2024-07-16 06:10:00,18583.87,18585.88,18582.77,18584.88,False,Red,Neutro
2024-07-16 06:15:00,18584.87,18584.87,18582.77,18582.85,False,Red,Neutro
2024-07-16 06:20:00,18582.87,18582.89,18578.78,18578.87,False,Red,Neutro
2024-07-16 06:25:00,18578.8,18580.83,18575.83,18575.9,False,Red,Forte Baixa
2024-07-16 06:30:00,18575.87,18575.88,18568.9,18570.91,False,Red,Forte Baixa
2024-07-16 06:35:00,18570.83,18570.91,18563.88,18568.92,False,Red,Forte Baixa
2024-07-16 06:40:00,18568.79,18572.91,18567.82,18567.91,False,Red,Neutro
2024-07-16 06:45:00,18568.83,18571.93,18567.83,18570.92,False,Red,Forte Baixa
2024-07-16 06:50:00,18571.9,18573.93,18571.81,18572.93,False,Red,Médio
2024-07-16 06:55:00,18572.89,18572.94,18570.83,18570.91,False,Red,Médio
2024-07-16 07:00:00,18571.95,18571.95,18570.86,18570.94,False,Red,Médio
2024-07-16 07:05:00,18570.88,18572.96,18567.94,18568.95,False,Red,Médio
2024-07-16 07:10:00,18568.88,18570.97,18567.88,18567.97,False,Red,Médio
2024-07-16 07:15:00,18568.88,18571.9,18567.88,18568.93,False,Red,Neutro
2024-07-16 07:20:00,18569.96,18571.92,18568.87,18568.94,False,Red,Neutro
2024-07-16 07:25:00,18568.97,18570.89,18567.89,18568.96,False,Red,Neutro
2024-07-16 07:30:00,18568.98,18574.99,18564.99,18568.0,False,White,Neutro
2024-07-16 07:35:00,18567.91,18569.0,18551.9,18559.99,True,Red,Forte Baixa
2024-07-16 07:40:00,18560.98,18566.99,18559.91,18566.99,False,Red,Forte Baixa
2024-07-16 07:45:00,18566.92,18581.02,18565.93,18579.98,True,White,Neutro
2024-07-16 07:50:00,18579.01,18580.02,18560.01,18563.02,True,White,Neutro
2024-07-16 07:55:00,18561.99,18563.01,18544.98,18552.03,False,Red,Neutro
2024-07-16 08:00:00,18547.99,18547.99,18520.98,18528.01,True,Red,Neutro
2024-07-16 08:05:00,18527.49,18527.49,18512.5,18525.53,False,Red,Neutro
2024-07-16 08:10:00,18525.97,18531.02,18519.15,18526.51,False,Red,Neutro
2024-07-16 08:15:00,18525.51,18526.54,18518.53,18526.04,False,Red,Neutro
2024-07-16 08:20:00,18525.53,18525.93,18518.53,18521.53,False,Red,Neutro
2024-07-16 08:25:00,18521.03,18526.55,18518.43,18526.55,False,Red,Médio
2024-07-16 08:30:00,18526.0,18531.55,18514.08,18518.54,False,Red,Médio
2024-07-16 08:35:00,18518.1,18526.15,18511.52,18525.52,False,Red,Neutro
2024-07-16 08:40:00,18525.47,18526.1,18515.55,18517.08,False,Red,Neutro
2024-07-16 08:45:00,18517.57,18518.57,18506.56,18512.07,False,Red,Forte Baixa
2024-07-16 08:50:00,18511.57,18515.58,18503.17,18508.57,False,Red,Forte Baixa
2024-07-16 08:55:00,18509.1,18509.57,18500.57,18509.1,False,Red,Forte Baixa
2024-07-16 09:00:00,18514.41,18514.41,18469.41,18482.39,True,Red,Forte Baixa
2024-07-16 09:05:00,18480.99,18484.41,18453.4,18454.42,True,Red,Forte Baixa
2024-07-16 09:10:00,18455.42,18472.41,18454.39,18471.43,False,Red,Forte Baixa
2024-07-16 09:15:00,18470.41,18496.43,18469.42,18496.43,True,Red,Neutro
2024-07-16 09:20:00,18497.03,18525.45,18490.9,18525.45,True,White,Médio
2024-07-16 09:25:00,18523.99,18541.45,18520.43,18535.45,False,Green,Neutro
2024-07-16 09:30:00,18536.64,18540.63,18509.19,18516.14,False,White,Neutro
2024-07-16 09:35:00,18516.63,18520.64,18505.63,18511.63,False,White,Neutro
2024-07-16 09:40:00,18511.23,18522.3,18504.64,18513.64,False,White,Neutro
2024-07-16 09:45:00,18514.2,18514.62,18495.11,18498.15,False,Red,Médio
2024-07-16 09:50:00,18497.66,18504.24,18489.65,18496.67,False,Red,Médio
2024-07-16 09:55:00,18497.68,18504.65,18483.64,18486.64,False,Red,Médio
2024-07-16 10:00:00,18487.22,18487.68,18471.69,18474.17,False,Red,Médio
2024-07-16 10:05:00,18473.68,18484.69,18466.25,18469.68,False,Red,Neutro
2024-07-16 10:10:00,18470.19,18484.69,18468.65,18478.65,False,Red,Neutro
2024-07-16 10:15:00,18477.68,18489.23,18476.67,18482.71,False,Red,Neutro
2024-07-16 10:20:00,18481.37,18515.7,18481.37,18511.72,True,White,Neutro
2024-07-16 10:25:00,18511.21,18511.72,18497.27,18499.68,False,White,Médio
2024-07-16 10:30:00,18500.72,18503.72,18489.72,18489.72,False,White,Médio
2024-07-16 10:35:00,18488.73,18499.72,18485.68,18492.69,False,White,Médio
2024-07-16 10:40:00,18493.74,18515.74,18492.69,18514.73,False,White,Médio
2024-07-16 10:45:00,18513.74,18514.73,18498.73,18506.75,False,White,Neutro
2024-07-16 10:50:00,18506.33,18522.76,18505.7,18519.31,False,Green,Neutro
2024-07-16 10:55:00,18519.74,18529.73,18517.75,18522.77,False,Green,Neutro
2024-07-16 11:00:00,18523.75,18529.76,18514.73,18518.77,False,Green,Neutro
2024-07-16 11:05:00,18518.38,18518.38,18499.37,18503.73,False,White,Forte Alta
2024-07-16 11:10:00,18504.28,18529.75,18502.29,18529.28,False,White,Forte Alta
2024-07-16 11:15:00,18529.77,18538.78,18527.75,18528.76,False,Green,Forte Alta
2024-07-16 11:20:00,18529.79,18537.78,18523.76,18528.78,False,Green,Forte Alta
2024-07-16 11:25:00,18529.25,18529.78,18515.81,18515.81,False,Green,Forte Alta
2024-07-16 11:30:00,18515.79,18516.82,18507.78,18514.78,False,White,Médio
2024-07-16 11:35:00,18512.77,18512.77,18502.4,18502.81,False,White,Médio
2024-07-16 11:40:00,18503.34,18508.81,18499.78,18505.41,False,Red,Médio
2024-07-16 11:45:00,18504.81,18509.82,18499.82,18503.82,False,Red,Médio
2024-07-16 11:50:00,18502.39,18505.84,18497.81,18497.82,False,Red,Médio
2024-07-16 11:55:00,18498.83,18505.85,18491.83,18504.81,False,Red,Neutro
2024-07-16 12:00:00,18505.81,18522.44,18505.81,18518.32,False,White,Neutro
2024-07-16 12:05:00,18517.82,18529.82,18516.45,18527.86,False,Green,Neutro
2024-07-16 12:10:00,18526.85,18529.85,18514.83,18525.87,False,Green,Médio
2024-07-16 12:15:00,18525.4,18526.43,18517.85,18524.88,False,Green,Médio
2024-07-16 12:20:00,18524.86,18536.86,18524.83,18531.89,False,Green,Médio
2024-07-16 12:25:00,18532.87,18535.89,18529.84,18532.86,False,Green,Médio
2024-07-16 12:30:00,18531.4,18531.89,18520.88,18520.88,False,Green,Médio
2024-07-16 12:35:00,18519.44,18521.89,18508.87,18515.9,False,White,Médio
2024-07-16 12:40:00,18515.5,18526.9,18515.5,18520.91,False,White,Médio
2024-07-16 12:45:00,18519.92,18520.91,18507.56,18509.92,False,White,Médio
2024-07-16 12:50:00,18508.9,18515.93,18508.9,18514.93,False,Red,Médio
2024-07-16 12:55:00,18514.45,18514.45,18500.94,18509.9,False,Red,Médio
2024-07-16 13:00:00,18511.92,18512.94,18496.89,18511.94,False,Red,Neutro
2024-07-16 13:05:00,18512.44,18516.93,18505.86,18507.92,False,White,Neutro
2024-07-16 13:10:00,18507.9,18511.95,18498.94,18504.96,False,Red,Neutro
2024-07-16 13:15:00,18504.94,18516.5,18502.93,18502.94,False,White,Médio
2024-07-16 13:20:00,18502.95,18507.95,18489.48,18489.52,False,Red,Forte Baixa
2024-07-16 13:25:00,18489.96,18492.98,18485.52,18492.94,False,Red,Forte Baixa
2024-07-16 13:30:00,18492.52,18494.97,18484.51,18487.98,False,Red,Forte Baixa
2024-07-16 13:35:00,18486.98,18493.98,18479.52,18479.99,False,Red,Forte Baixa
2024-07-16 13:40:00,18479.5,18497.99,18479.5,18494.96,False,Red,Forte Baixa
2024-07-16 13:45:00,18494.0,18498.01,18483.73,18489.99,False,Red,Forte Baixa
2024-07-16 13:50:00,18489.55,18490.98,18480.99,18488.98,False,Red,Forte Baixa
2024-07-16 13:55:00,18487.5,18492.01,18480.97,18485.02,False,Red,Médio
2024-07-16 14:00:00,18484.61,18497.03,18481.99,18496.01,False,Red,Médio
2024-07-16 14:05:00,18495.53,18498.0,18491.02,18494.03,False,Red,Médio
2024-07-16 14:10:00,18493.53,18501.03,18490.0,18499.0,False,White,Médio
2024-07-16 14:15:00,18499.56,18503.05,18495.02,18503.0,False,White,Médio
2024-07-16 14:20:00,18502.51,18509.04,18493.64,18495.06,False,White,Neutro
2024-07-16 14:25:00,18496.04,18498.06,18490.02,18496.56,False,Red,Neutro
2024-07-16 14:30:00,18492.54,18520.7,18475.52,18508.67,False,White,Neutro
2024-07-16 14:35:00,18509.05,18520.07,18501.07,18504.03,False,Green,Neutro
2024-07-16 14:40:00,18504.57,18522.09,18498.06,18521.08,False,White,Neutro
2024-07-16 14:45:00,18521.59,18521.59,18492.62,18493.06,True,White,Neutro
2024-07-16 14:50:00,18492.06,18500.08,18484.07,18496.09,False,Red,Neutro
2024-07-16 14:55:00,18495.05,18501.08,18491.1,18494.08,False,White,Neutro
2024-07-16 15:00:00,18493.06,18498.1,18477.06,18489.09,False,Red,Neutro
2024-07-16 15:05:00,18488.08,18509.11,18488.08,18507.72,False,White,Neutro
2024-07-16 15:10:00,18507.12,18512.64,18498.09,18500.09,False,White,Médio
2024-07-16 15:15:00,18500.64,18506.11,18491.09,18494.13,False,White,Médio
2024-07-16 15:20:00,18493.59,18505.13,18491.12,18503.14,False,White,Neutro
2024-07-16 15:25:00,18502.15,18507.14,18494.13,18495.13,False,White,Neutro
2024-07-16 15:30:00,18495.72,18502.16,18476.69,18478.72,False,White,Neutro
2024-07-16 15:35:00,18479.16,18486.12,18470.14,18482.13,False,Red,Neutro
2024-07-16 15:40:00,18483.17,18485.67,18470.68,18475.17,False,Red,Forte Baixa
2024-07-16 15:45:00,18476.14,18486.16,18459.17,18459.17,False,Red,Forte Baixa
2024-07-16 15:50:00,18459.74,18494.91,18459.74,18484.18,False,White,Forte Baixa
2024-07-16 15:55:00,18483.75,18494.19,18482.17,18490.18,False,White,Forte Baixa
2024-07-16 16:00:00,18492.18,18510.2,18492.18,18505.15,False,Green,Médio
2024-07-16 16:05:00,18506.2,18517.74,18500.18,18505.21,False,Green,Neutro
2024-07-16 16:10:00,18506.18,18515.22,18500.73,18511.2,False,Green,Neutro
2024-07-16 16:15:00,18511.81,18524.2,18504.21,18507.18,False,Green,Neutro
2024-07-16 16:20:00,18508.21,18522.22,18507.19,18521.21,False,Green,Neutro
2024-07-16 16:25:00,18520.21,18527.78,18513.21,18520.23,False,Green,Neutro
2024-07-16 16:30:00,18520.75,18526.75,18512.2,18525.78,False,Green,Neutro
2024-07-16 16:35:00,18525.21,18535.85,18518.22,18531.23,False,Green,Neutro
2024-07-16 16:40:00,18532.25,18537.98,18530.23,18532.21,False,Green,Neutro
2024-07-16 16:45:00,18531.26,18539.87,18526.24,18538.94,False,Green,Forte Alta
2024-07-16 16:50:00,18538.22,18541.28,18530.84,18537.28,False,Green,Forte Alta
2024-07-16 16:55:00,18537.27,18539.79,18529.26,18531.28,False,Green,Forte Alta
2024-07-16 17:00:00,18532.28,18539.29,18524.98,18539.26,False,Green,Forte Alta
2024-07-16 17:05:00,18538.87,18540.29,18527.86,18533.3,False,Green,Médio
2024-07-16 17:10:00,18534.29,18546.3,18533.29,18536.25,False,Green,Forte Alta
2024-07-16 17:15:00,18535.26,18536.87,18525.27,18532.29,False,Green,Forte Alta
2024-07-16 17:20:00,18533.3,18536.31,18529.32,18534.27,False,Green,Forte Alta
2024-07-16 17:25:00,18534.82,18539.95,18529.93,18530.33,False,Green,Médio
2024-07-16 17:30:00,18531.9,18534.88,18515.31,18522.31,False,White,Médio
2024-07-16 17:35:00,18523.01,18534.32,18517.86,18534.32,False,White,Médio
2024-07-16 17:40:00,18535.33,18537.34,18529.99,18534.33,False,Green,Médio
2024-07-16 17:45:00,18535.35,18537.35,18522.34,18524.33,False,White,Neutro
2024-07-16 17:50:00,18523.32,18548.35,18523.32,18545.32,True,White,Neutro
2024-07-16 17:55:00,18546.33,18553.02,18540.33,18546.36,False,Green,Neutro
2024-07-16 18:00:00,18547.34,18552.35,18544.33,18550.37,False,Green,Neutro
2024-07-16 18:05:00,18550.91,18556.97,18545.35,18545.93,False,Green,Neutro
2024-07-16 18:10:00,18545.37,18552.08,18537.94,18547.38,False,Green,Neutro
2024-07-16 18:15:00,18547.95,18549.38,18534.37,18543.38,False,White,Neutro
2024-07-16 18:20:00,18544.36,18554.95,18542.93,18550.39,False,Green,Médio
2024-07-16 18:25:00,18549.98,18552.39,18544.4,18548.94,False,Green,Médio
2024-07-16 18:30:00,18549.41,18552.41,18542.96,18550.95,False,Green,Médio
2024-07-16 18:35:00,18551.41,18559.45,18549.93,18552.42,False,Green,Forte Alta
2024-07-16 18:40:00,18553.41,18553.43,18543.41,18544.42,False,Green,Forte Alta
2024-07-16 18:45:00,18543.99,18554.44,18543.99,18554.12,False,Green,Forte Alta
2024-07-16 18:50:00,18553.4,18553.94,18549.39,18551.03,False,Green,Médio
2024-07-16 18:55:00,18550.43,18561.0,18550.43,18559.95,False,Green,Forte Alta
2024-07-16 19:00:00,18559.4,18560.3,18555.45,18557.46,False,Green,Forte Alta
2024-07-16 19:05:00,18557.48,18563.45,18551.44,18563.03,False,Green,Neutro
2024-07-16 19:10:00,18563.03,18564.47,18554.98,18557.47,False,Green,Neutro
2024-07-16 19:15:00,18557.46,18558.09,18551.43,18554.45,False,Green,Forte Alta
2024-07-16 19:20:00,18553.48,18560.08,18552.45,18552.47,False,Green,Forte Alta
2024-07-16 19:25:00,18553.07,18558.49,18552.44,18555.48,False,Green,Médio
2024-07-16 19:30:00,18554.49,18562.13,18550.45,18560.46,False,White,Médio
2024-07-16 19:35:00,18560.46,18561.51,18556.46,18560.49,False,Green,Médio
2024-07-16 19:40:00,18560.01,18565.15,18555.5,18563.5,False,Green,Forte Alta
2024-07-16 19:45:00,18563.04,18569.51,18561.02,18566.07,False,Green,Forte Alta
2024-07-16 19:50:00,18565.48,18565.48,18560.48,18564.49,False,Green,Forte Alta
2024-07-16 19:55:00,18564.1,18567.48,18561.51,18562.11,False,Green,Forte Alta
2024-07-16 20:00:00,18561.53,18565.54,18559.04,18564.53,False,Green,Médio
2024-07-16 20:05:00,18564.54,18568.54,18561.51,18562.54,False,Green,Médio
2024-07-16 20:10:00,18563.5,18565.15,18560.15,18560.15,False,Green,Médio
2024-07-16 20:15:00,18560.56,18560.56,18547.28,18549.55,False,White,Neutro
2024-07-16 20:20:00,18549.55,18561.56,18548.52,18559.57,False,White,Neutro
2024-07-16 20:25:00,18558.56,18560.16,18556.09,18558.18,False,White,Neutro
2024-07-16 20:30:00,18557.57,18560.22,18555.56,18558.57,False,White,Médio
2024-07-16 20:35:00,18559.59,18571.11,18559.22,18571.1,False,Green,Neutro
2024-07-16 20:40:00,18571.58,18572.6,18565.55,18571.55,False,Green,Neutro
2024-07-16 20:45:00,18571.19,18575.61,18566.11,18573.58,False,Green,Neutro
2024-07-16 20:50:00,18573.14,18573.6,18567.18,18572.6,False,Green,Neutro
2024-07-16 20:55:00,18572.13,18578.61,18571.61,18576.6,False,Green,Neutro
2024-07-16 21:00:00,18576.17,18580.23,18573.63,18577.61,False,Green,Neutro
2024-07-16 21:05:00,18578.18,18578.64,18573.61,18577.62,False,Green,Neutro
2024-07-16 21:10:00,18578.18,18581.64,18576.15,18580.63,False,Green,Neutro
2024-07-16 21:15:00,18579.61,18583.62,18576.65,18581.22,False,Green,Forte Alta
2024-07-16 21:20:00,18581.63,18582.27,18578.17,18581.65,False,Green,Forte Alta
2024-07-16 21:25:00,18581.66,18583.63,18578.33,18582.65,False,Green,Forte Alta
2024-07-16 21:30:00,18582.2,18586.66,18577.63,18586.65,False,Green,Forte Alta
2024-07-16 21:35:00,18586.22,18589.27,18584.14,18586.42,False,Green,Forte Alta
2024-07-16 21:40:00,18585.63,18587.34,18580.64,18582.65,False,Green,Forte Alta
2024-07-16 21:45:00,18582.27,18582.27,18575.64,18577.65,False,Green,Forte Alta
2024-07-16 21:50:00,18577.29,18587.7,18576.69,18587.66,False,Green,Médio
2024-07-16 21:55:00,18586.67,18591.7,18585.69,18590.22,False,Green,Forte Alta
2024-07-17 02:15:00,18570.51,18571.6,18557.59,18558.6,True,Red,Neutro
2024-07-17 02:20:00,18558.59,18558.59,18551.59,18554.6,False,Red,Neutro
2024-07-17 02:25:00,18554.53,18561.61,18554.53,18560.6,False,Red,Neutro
2024-07-17 02:30:00,18561.61,18562.62,18559.52,18561.62,False,Red,Neutro
2024-07-17 02:35:00,18561.51,18561.62,18554.62,18557.62,False,Red,Neutro
2024-07-17 02:40:00,18557.62,18563.63,18556.54,18563.63,False,Red,Neutro
2024-07-17 02:45:00,18563.59,18563.59,18557.52,18558.63,False,Red,Neutro
2024-07-17 02:50:00,18558.57,18561.63,18557.54,18560.62,False,Red,Médio
2024-07-17 02:55:00,18560.54,18561.65,18558.51,18561.61,False,Red,Médio
2024-07-17 03:00:00,18560.66,18560.66,18555.65,18556.65,False,Red,Neutro
2024-07-17 03:05:00,18556.56,18561.67,18556.56,18560.64,False,Red,Neutro
2024-07-17 03:10:00,18560.6,18563.58,18559.52,18561.65,False,Red,Neutro
2024-07-17 03:15:00,18561.67,18567.69,18561.59,18567.69,False,White,Neutro
2024-07-17 03:20:00,18567.65,18570.64,18564.6,18567.68,False,White,Neutro
2024-07-17 03:25:00,18567.59,18573.68,18567.58,18569.7,False,Green,Forte Alta
2024-07-17 03:30:00,18569.63,18572.69,18565.69,18565.69,False,White,Forte Alta
2024-07-17 03:35:00,18565.69,18569.7,18564.67,18569.68,False,White,Forte Alta
2024-07-17 03:40:00,18569.59,18571.71,18566.71,18569.72,False,Green,Médio
2024-07-17 03:45:00,18569.62,18569.71,18565.72,18565.72,False,White,Médio
2024-07-17 03:50:00,18565.73,18568.73,18565.73,18567.72,False,White,Médio
2024-07-17 03:55:00,18567.73,18569.74,18561.67,18567.74,False,White,Médio
2024-07-17 04:00:00,18567.73,18569.75,18566.66,18566.73,False,White,Médio
2024-07-17 04:05:00,18566.7,18572.76,18566.64,18569.74,False,White,Neutro
2024-07-17 04:10:00,18569.76,18572.76,18569.67,18571.75,False,Green,Neutro
2024-07-17 04:15:00,18572.69,18575.77,18570.76,18573.77,False,Green,Forte Alta
2024-07-17 04:20:00,18573.75,18575.76,18567.69,18567.73,False,White,Forte Alta
2024-07-17 04:25:00,18567.78,18567.79,18566.66,18567.79,False,Red,Forte Alta
2024-07-17 04:30:00,18567.71,18572.79,18567.71,18570.76,False,White,Neutro
2024-07-17 04:35:00,18570.7,18577.79,18569.71,18576.78,False,Green,Neutro
2024-07-17 04:40:00,18576.72,18579.81,18576.72,18577.81,False,Green,Neutro
2024-07-17 04:45:00,18577.73,18577.81,18573.71,18575.82,False,Green,Neutro
2024-07-17 04:50:00,18575.73,18576.81,18573.82,18574.82,False,Green,Neutro
2024-07-17 04:55:00,18574.82,18576.78,18566.73,18567.83,False,White,Médio
2024-07-17 05:00:00,18567.72,18570.78,18566.72,18566.81,False,White,Médio
2024-07-17 05:05:00,18566.83,18566.84,18564.75,18564.83,False,Red,Médio
2024-07-17 05:10:00,18565.83,18566.81,18562.75,18563.85,False,Red,Neutro
2024-07-17 05:15:00,18563.85,18565.86,18561.77,18565.85,False,Red,Neutro
2024-07-17 05:20:00,18565.83,18567.86,18563.85,18565.87,False,Red,Neutro
2024-07-17 05:25:00,18565.78,18572.8,18564.87,18571.87,False,White,Neutro
2024-07-17 05:30:00,18572.82,18575.83,18571.75,18573.88,False,Green,Médio
2024-07-17 05:35:00,18573.85,18575.87,18568.79,18568.85,False,White,Médio
2024-07-17 05:40:00,18567.89,18570.85,18553.89,18554.89,True,White,Forte Baixa
2024-07-17 05:45:00,18552.86,18560.9,18534.86,18560.9,False,Red,Forte Baixa
2024-07-17 05:50:00,18561.82,18569.9,18559.83,18562.9,False,White,Forte Baixa
2024-07-17 05:55:00,18562.89,18568.87,18562.81,18567.89,False,White,Forte Baixa
2024-07-17 06:00:00,18567.88,18569.92,18566.82,18568.89,False,White,Médio
2024-07-17 06:05:00,18569.82,18574.88,18568.81,18569.89,False,Green,Médio
2024-07-17 06:10:00,18568.83,18568.93,18562.86,18564.94,False,White,Neutro
2024-07-17 06:15:00,18564.85,18567.94,18564.83,18567.94,False,White,Médio
2024-07-17 06:20:00,18567.94,18573.95,18565.83,18569.94,False,White,Médio
2024-07-17 06:25:00,18569.94,18569.95,18566.87,18566.92,False,White,Neutro
2024-07-17 06:30:00,18567.87,18568.96,18562.89,18563.96,False,White,Neutro
2024-07-17 06:35:00,18563.89,18566.97,18557.86,18559.97,False,White,Neutro
2024-07-17 06:40:00,18559.93,18563.98,18556.9,18557.98,False,Red,Neutro
2024-07-17 06:45:00,18557.87,18559.99,18551.9,18558.99,False,Red,Neutro
2024-07-17 06:50:00,18558.9,18565.9,18558.87,18561.97,False,White,Neutro
2024-07-17 06:55:00,18561.97,18567.97,18560.91,18561.98,False,White,Neutro
2024-07-17 07:00:00,18562.96,18584.0,18560.99,18564.01,False,White,Neutro
2024-07-17 07:05:00,18560.98,18561.01,18539.0,18551.02,False,Red,Neutro
2024-07-17 07:10:00,18550.91,18555.01,18542.91,18548.0,False,Red,Neutro
2024-07-17 07:15:00,18547.99,18554.02,18546.94,18548.99,False,Red,Neutro
2024-07-17 07:20:00,18549.03,18553.01,18544.94,18545.02,False,Red,Neutro
2024-07-17 07:25:00,18545.03,18554.03,18544.96,18550.03,False,Red,Neutro
2024-07-17 07:30:00,18551.04,18556.0,18549.95,18553.03,False,Red,Neutro
2024-07-17 07:35:00,18552.93,18565.01,18552.01,18564.05,False,White,Neutro
2024-07-17 07:40:00,18564.06,18566.04,18555.05,18556.04,False,White,Médio
2024-07-17 07:45:00,18556.02,18560.98,18549.04,18549.04,False,White,Neutro
2024-07-17 07:50:00,18549.03,18552.02,18536.05,18546.06,False,Red,Neutro
2024-07-17 07:55:00,18546.04,18546.04,18529.98,18533.07,False,Red,Neutro
2024-07-17 08:00:00,18535.06,18546.53,18526.55,18543.04,False,Red,Forte Baixa
2024-07-17 08:05:00,18542.5,18545.56,18530.55,18531.56,False,Red,Forte Baixa
2024-07-17 08:10:00,18532.06,18536.08,18526.0,18530.58,False,Red,Forte Baixa
2024-07-17 08:15:00,18531.57,18533.56,18517.08,18518.58,False,Red,Neutro
2024-07-17 08:20:00,18517.59,18527.6,18511.09,18514.59,False,Red,Neutro
2024-07-17 08:25:00,18514.57,18515.28,18497.59,18507.6,False,Red,Neutro
2024-07-17 08:30:00,18508.09,18515.1,18480.6,18484.62,True,Red,Neutro
2024-07-17 08:35:00,18484.11,18497.35,18484.11,18493.6,False,Red,Neutro
2024-07-17 08:40:00,18494.6,18504.09,18494.6,18499.09,False,Red,Forte Baixa
2024-07-17 08:45:00,18498.61,18500.22,18487.59,18488.6,False,Red,Médio
2024-07-17 08:50:00,18488.63,18491.56,18481.12,18488.64,False,Red,Médio
2024-07-17 08:55:00,18488.25,18502.64,18483.62,18488.65,False,Red,Médio
2024-07-17 09:00:00,18491.45,18491.46,18444.44,18447.45,True,Red,Forte Baixa
2024-07-17 09:05:00,18448.46,18499.09,18442.05,18498.48,True,Red,Forte Baixa
2024-07-17 09:10:00,18498.47,18517.44,18490.48,18515.47,False,White,Forte Baixa
2024-07-17 09:15:00,18513.95,18525.47,18506.99,18519.48,False,White,Forte Baixa
2024-07-17 09:20:00,18518.5,18527.46,18508.06,18517.48,False,White,Médio
2024-07-17 09:25:00,18516.97,18540.51,18516.97,18535.51,False,Green,Neutro
2024-07-17 09:30:00,18536.69,18536.69,18513.67,18520.69,False,White,Neutro
2024-07-17 09:35:00,18521.25,18538.71,18517.68,18523.7,False,Green,Neutro
2024-07-17 09:40:00,18524.69,18536.71,18518.7,18534.68,False,Green,Neutro
2024-07-17 09:45:00,18533.7,18535.71,18513.22,18516.69,False,White,Médio
2024-07-17 09:50:00,18516.22,18523.73,18508.28,18508.28,False,White,Médio
2024-07-17 09:55:00,18508.71,18508.71,18484.23,18497.72,False,Red,Médio
2024-07-17 10:00:00,18498.73,18503.73,18482.72,18503.73,False,Red,Médio
2024-07-17 10:05:00,18504.75,18504.75,18487.73,18488.74,False,Red,Neutro
2024-07-17 10:10:00,18489.25,18491.74,18461.24,18467.74,False,Red,Neutro
2024-07-17 10:15:00,18467.76,18479.37,18461.75,18465.76,False,Red,Neutro
2024-07-17 10:20:00,18464.75,18465.77,18453.57,18458.75,False,Red,Neutro
2024-07-17 10:25:00,18459.76,18480.78,18458.51,18470.73,False,Red,Forte Baixa
2024-07-17 10:30:00,18471.76,18475.76,18464.24,18467.78,False,Red,Forte Baixa
2024-07-17 10:35:00,18466.77,18474.77,18462.75,18465.78,False,Red,Médio
2024-07-17 10:40:00,18466.32,18470.78,18453.32,18456.79,False,Red,Forte Baixa
2024-07-17 10:45:00,18456.38,18487.81,18456.38,18486.8,True,White,Forte Baixa
2024-07-17 10:50:00,18485.3,18507.39,18479.31,18501.8,False,White,Forte Baixa
2024-07-17 10:55:00,18501.32,18501.35,18489.81,18498.81,False,White,Médio
2024-07-17 11:00:00,18499.31,18501.3,18487.81,18488.78,False,White,Médio
2024-07-17 11:05:00,18487.8,18487.8,18468.83,18471.84,False,Red,Médio
2024-07-17 11:10:00,18470.44,18479.79,18468.31,18470.8,False,Red,Neutro
2024-07-17 11:15:00,18470.35,18483.84,18470.35,18477.83,False,Red,Neutro
2024-07-17 11:20:00,18478.43,18491.44,18464.84,18467.82,False,White,Médio
2024-07-17 11:25:00,18468.82,18474.86,18454.39,18454.56,False,Red,Médio
2024-07-17 11:30:00,18453.86,18476.86,18444.83,18472.41,False,Red,Neutro
2024-07-17 11:35:00,18471.86,18475.88,18464.85,18464.85,False,Red,Neutro
2024-07-17 11:40:00,18464.86,18472.88,18461.47,18472.87,False,Red,Neutro
2024-07-17 11:45:00,18473.4,18485.48,18464.87,18470.85,False,White,Médio
2024-07-17 11:50:00,18470.47,18471.9,18455.46,18457.51,False,Red,Médio
2024-07-17 11:55:00,18456.85,18467.46,18454.45,18464.9,False,Red,Médio
2024-07-17 12:00:00,18462.88,18474.91,18462.88,18474.88,False,White,Médio
2024-07-17 12:05:00,18473.91,18489.9,18472.43,18482.87,False,White,Médio
2024-07-17 12:10:00,18481.37,18486.92,18477.89,18480.89,False,Green,Neutro
2024-07-17 12:15:00,18481.6,18485.93,18475.91,18482.48,False,White,Neutro
2024-07-17 12:20:00,18481.92,18483.93,18470.9,18470.92,False,White,Neutro
2024-07-17 12:25:00,18469.48,18481.95,18467.52,18479.92,False,White,Neutro
2024-07-17 12:30:00,18478.93,18478.93,18463.92,18472.94,False,White,Neutro
2024-07-17 12:35:00,18474.58,18474.58,18459.52,18470.94,False,Red,Médio
2024-07-17 12:40:00,18471.93,18477.97,18468.92,18468.92,False,White,Médio
2024-07-17 12:45:00,18468.93,18470.98,18457.49,18457.97,False,Red,Neutro
2024-07-17 12:50:00,18458.96,18458.96,18444.49,18446.97,False,Red,Neutro
2024-07-17 12:55:00,18446.49,18455.58,18445.97,18451.99,False,Red,Neutro
2024-07-17 13:00:00,18452.65,18457.98,18434.51,18436.98,False,Red,Neutro
2024-07-17 13:05:00,18435.55,18435.99,18410.0,18419.56,False,Red,Forte Baixa
2024-07-17 13:10:00,18418.99,18420.99,18388.57,18390.02,True,Red,Forte Baixa
2024-07-17 13:15:00,18391.0,18394.01,18356.0,18374.99,False,Red,Forte Baixa
2024-07-17 13:20:00,18373.98,18381.61,18362.55,18374.99,False,Red,Forte Baixa
2024-07-17 13:25:00,18375.77,18384.02,18369.62,18380.04,False,Red,Forte Baixa
2024-07-17 13:30:00,18378.56,18378.56,18348.61,18352.0,False,Red,Forte Baixa
2024-07-17 13:35:00,18351.55,18375.59,18350.03,18374.04,False,Red,Forte Baixa
2024-07-17 13:40:00,18373.61,18378.51,18359.04,18376.05,False,Red,Forte Baixa
2024-07-17 13:45:00,18376.65,18390.07,18365.54,18378.06,False,Red,Médio
2024-07-17 13:50:00,18376.52,18394.06,18375.02,18392.04,False,Red,Médio
2024-07-17 13:55:00,18391.64,18403.08,18389.05,18401.61,False,Red,Médio
2024-07-17 14:00:00,18401.06,18429.09,18398.06,18428.07,False,White,Médio
2024-07-17 14:05:00,18428.68,18429.09,18409.69,18422.1,False,White,Médio
2024-07-17 14:10:00,18422.63,18435.08,18422.63,18433.05,False,Green,Neutro
2024-07-17 14:15:00,18433.62,18442.1,18428.6,18436.1,False,Green,Neutro
2024-07-17 14:20:00,18435.72,18441.62,18429.85,18437.12,False,Green,Neutro
2024-07-17 14:25:00,18436.11,18444.11,18434.11,18442.08,False,Green,Neutro
2024-07-17 14:30:00,18441.1,18460.11,18436.08,18441.67,False,Green,Forte Alta
2024-07-17 14:35:00,18441.09,18443.72,18431.66,18439.13,False,Green,Forte Alta
2024-07-17 14:40:00,18437.76,18449.73,18436.63,18438.13,False,Green,Forte Alta
2024-07-17 14:45:00,18437.13,18444.14,18433.13,18436.14,False,Green,Médio
2024-07-17 14:50:00,18434.13,18444.85,18431.63,18434.14,False,Green,Médio
2024-07-17 14:55:00,18433.01,18439.15,18421.76,18423.14,False,White,Médio
2024-07-17 15:00:00,18424.14,18429.7,18416.79,18428.16,False,White,Médio
2024-07-17 15:05:00,18427.72,18429.72,18423.71,18427.14,False,White,Médio
2024-07-17 15:10:00,18427.76,18438.17,18425.17,18428.18,False,White,Neutro
2024-07-17 15:15:00,18428.17,18430.16,18417.14,18425.18,False,White,Neutro
2024-07-17 15:20:00,18425.19,18440.2,18423.16,18430.17,False,White,Médio
2024-07-17 15:25:00,18429.19,18434.21,18423.15,18431.21,False,White,Médio
2024-07-17 15:30:00,18431.16,18451.21,18431.16,18450.2,False,Green,Médio
2024-07-17 15:35:00,18451.2,18473.83,18448.2,18466.2,False,Green,Neutro
2024-07-17 15:40:00,18467.2,18477.77,18467.18,18474.21,False,Green,Neutro
2024-07-17 15:45:00,18475.2,18492.76,18475.2,18490.19,False,Green,Neutro
2024-07-17 15:50:00,18489.21,18510.24,18489.21,18503.24,False,Green,Neutro
2024-07-17 15:55:00,18502.79,18508.8,18490.22,18490.22,False,Green,Neutro
2024-07-17 16:00:00,18492.25,18494.24,18470.8,18480.25,False,Green,Forte Alta
2024-07-17 16:05:00,18481.25,18481.25,18457.23,18461.26,False,Green,Médio
2024-07-17 16:10:00,18460.78,18493.27,18456.23,18489.27,True,White,Médio
2024-07-17 16:15:00,18488.25,18500.85,18480.25,18497.27,False,Green,Médio
2024-07-17 16:20:00,18497.77,18498.27,18481.25,18488.25,False,Green,Médio
2024-07-17 16:25:00,18487.28,18506.89,18485.28,18492.87,False,Green,Médio
2024-07-17 16:30:00,18493.28,18507.29,18482.89,18501.84,False,Green,Neutro
2024-07-17 16:35:00,18501.29,18504.29,18474.27,18475.29,False,Green,Neutro
2024-07-17 16:40:00,18474.89,18490.27,18471.3,18489.32,False,White,Neutro
2024-07-17 16:45:00,18488.31,18499.28,18473.27,18474.28,False,Green,Neutro
2024-07-17 16:50:00,18473.3,18483.32,18470.84,18472.33,False,White,Neutro
2024-07-17 16:55:00,18471.33,18478.33,18465.29,18466.32,False,White,Neutro
2024-07-17 17:00:00,18464.84,18464.84,18447.3,18449.34,False,Red,Forte Baixa
2024-07-17 17:05:00,18450.33,18462.33,18441.34,18461.88,False,Red,Forte Baixa
2024-07-17 17:10:00,18462.34,18462.37,18445.34,18448.36,False,Red,Neutro
2024-07-17 17:15:00,18447.36,18461.97,18444.34,18460.36,False,Red,Neutro
2024-07-17 17:20:00,18461.35,18465.35,18456.34,18456.36,False,Red,Médio
2024-07-17 17:25:00,18455.89,18455.89,18444.93,18451.35,False,Red,Médio
2024-07-17 17:30:00,18451.06,18454.98,18440.91,18441.39,False,Red,Forte Baixa
2024-07-17 17:35:00,18441.9,18450.98,18441.37,18447.39,False,Red,Forte Baixa
2024-07-17 17:40:00,18446.38,18449.36,18436.38,18443.37,False,Red,Forte Baixa
2024-07-17 17:45:00,18444.01,18444.4,18437.35,18443.41,False,Red,Forte Baixa
2024-07-17 17:50:00,18445.01,18445.41,18436.37,18443.01,False,Red,Forte Baixa
2024-07-17 17:55:00,18443.39,18448.37,18438.96,18445.38,False,Red,Forte Baixa
2024-07-17 18:00:00,18446.37,18450.42,18437.94,18442.41,False,Red,Forte Baixa
2024-07-17 18:05:00,18441.42,18443.41,18431.43,18434.07,False,Red,Forte Baixa
2024-07-17 18:10:00,18433.4,18433.43,18421.41,18423.42,False,Red,Neutro
2024-07-17 18:15:00,18424.44,18438.4,18423.44,18435.95,False,Red,Neutro
2024-07-17 18:20:00,18436.45,18443.45,18433.42,18435.44,False,Red,Forte Baixa
2024-07-17 18:25:00,18436.1,18440.45,18433.03,18436.2,False,Red,Médio
2024-07-17 18:30:00,18435.26,18446.47,18434.45,18440.45,False,White,Médio
2024-07-17 18:35:00,18441.05,18443.47,18433.46,18438.47,False,Red,Médio
2024-07-17 18:40:00,18437.46,18439.48,18434.45,18435.47,False,Red,Médio
2024-07-17 18:45:00,18436.47,18440.13,18434.01,18438.48,False,Red,Médio
2024-07-17 18:50:00,18438.0,18445.09,18435.06,18442.46,False,White,Neutro
2024-07-17 18:55:00,18443.05,18449.07,18439.46,18443.5,False,White,Neutro
2024-07-17 19:00:00,18443.06,18446.11,18437.51,18439.08,False,White,Neutro
2024-07-17 19:05:00,18439.49,18441.48,18425.5,18426.11,False,White,Neutro
2024-07-17 19:10:00,18426.52,18431.53,18423.02,18423.5,False,Red,Neutro
2024-07-17 19:15:00,18424.07,18431.52,18416.52,18425.52,False,Red,Neutro
2024-07-17 19:20:00,18425.12,18428.12,18421.52,18423.53,False,Red,Neutro
2024-07-17 19:25:00,18423.55,18430.03,18422.52,18428.5,False,Red,Neutro
2024-07-17 19:30:00,18428.16,18439.56,18427.53,18438.52,False,White,Neutro
2024-07-17 19:35:00,18439.54,18446.54,18436.51,18439.56,False,White,Médio
2024-07-17 19:40:00,18440.12,18444.19,18434.07,18442.52,False,White,Médio
2024-07-17 19:45:00,18441.55,18446.56,18439.52,18443.54,False,Green,Médio
2024-07-17 19:50:00,18444.57,18446.57,18435.58,18438.58,False,White,Médio
2024-07-17 19:55:00,18438.13,18443.57,18437.55,18439.55,False,White,Neutro
2024-07-17 20:00:00,18439.55,18439.55,18428.55,18432.59,False,White,Neutro
2024-07-17 20:05:00,18432.51,18442.59,18428.55,18440.59,False,White,Neutro
2024-07-17 20:10:00,18440.12,18446.61,18438.6,18438.6,False,Green,Neutro
2024-07-17 20:15:00,18439.61,18448.53,18439.61,18446.6,False,Green,Forte Alta
2024-07-17 20:20:00,18447.6,18452.62,18445.2,18448.61,False,Green,Forte Alta
2024-07-17 20:25:00,18449.61,18456.21,18447.62,18455.14,False,Green,Forte Alta
2024-07-17 20:30:00,18454.64,18460.62,18452.6,18454.62,False,Green,Forte Alta
2024-07-17 20:35:00,18455.27,18460.42,18451.15,18453.65,False,Green,Forte Alta
2024-07-17 20:40:00,18454.65,18457.65,18446.62,18447.65,False,Green,Forte Alta
2024-07-17 20:45:00,18447.23,18450.65,18439.64,18443.65,False,White,Médio
2024-07-17 20:50:00,18443.23,18449.23,18433.62,18434.66,False,White,Médio
2024-07-17 20:55:00,18435.26,18445.68,18435.17,18443.22,False,White,Médio
2024-07-17 21:00:00,18442.67,18445.68,18431.67,18431.68,False,White,Médio
2024-07-17 21:05:00,18432.29,18436.65,18428.65,18435.28,False,Red,Médio
2024-07-17 21:10:00,18434.68,18446.34,18434.68,18440.68,False,White,Neutro
2024-07-17 21:15:00,18441.2,18445.7,18438.71,18442.69,False,White,Neutro
2024-07-17 21:20:00,18443.21,18454.72,18443.21,18451.7,False,Green,Médio
2024-07-17 21:25:00,18452.68,18454.7,18447.7,18450.72,False,Green,Médio
2024-07-17 21:30:00,18450.29,18453.29,18444.25,18445.32,False,Green,Médio
2024-07-17 21:35:00,18445.68,18445.72,18432.72,18433.73,False,White,Médio
2024-07-17 21:40:00,18434.27,18435.74,18427.35,18432.39,False,Red,Forte Baixa
2024-07-17 21:45:00,18431.7,18437.26,18428.74,18433.27,False,Red,Forte Baixa
2024-07-17 21:50:00,18434.74,18449.75,18433.7,18443.34,False,White,Forte Baixa
2024-07-17 21:55:00,18443.73,18450.3,18439.76,18445.23,False,White,Neutro
2024-07-18 02:15:00,18488.58,18496.59,18477.63,18477.63,False,Green,Neutro
2024-07-18 02:20:00,18477.65,18481.65,18472.62,18476.66,False,Green,Neutro
2024-07-18 02:25:00,18476.62,18496.67,18475.63,18492.65,False,Green,Neutro
2024-07-18 02:30:00,18492.67,18496.68,18476.65,18478.66,False,Green,Neutro
2024-07-18 02:35:00,18478.66,18487.68,18477.59,18482.65,False,Green,Neutro
2024-07-18 02:40:00,18483.67,18494.68,18483.58,18493.65,False,Green,Neutro
2024-07-18 02:45:00,18494.69,18495.68,18482.68,18483.7,False,Green,Médio
2024-07-18 02:50:00,18483.7,18485.71,18479.65,18481.68,False,Green,Médio
2024-07-18 02:55:00,18480.7,18483.71,18477.6,18477.7,False,Green,Médio
2024-07-18 03:00:00,18477.69,18478.71,18471.68,18471.71,False,Green,Médio
2024-07-18 03:05:00,18471.6,18482.73,18471.6,18480.72,False,Green,Médio
2024-07-18 03:10:00,18480.71,18481.72,18471.66,18471.7,False,Green,Neutro
2024-07-18 03:15:00,18470.73,18479.64,18470.7,18476.73,False,Green,Neutro
2024-07-18 03:20:00,18476.7,18483.75,18476.7,18478.71,False,Green,Neutro
2024-07-18 03:25:00,18478.73,18485.75,18476.66,18484.75,False,Green,Neutro
2024-07-18 03:30:00,18484.76,18486.76,18483.69,18485.72,False,Green,Médio
2024-07-18 03:35:00,18485.68,18486.77,18484.69,18485.75,False,Green,Médio
2024-07-18 03:40:00,18485.74,18486.78,18480.76,18486.78,False,Green,Médio
2024-07-18 03:45:00,18485.78,18486.79,18485.68,18486.77,False,Green,Médio
2024-07-18 03:50:00,18486.71,18486.79,18485.71,18486.78,False,Green,Médio
2024-07-18 03:55:00,18486.79,18486.79,18479.72,18480.77,False,Green,Neutro
2024-07-18 04:00:00,18482.8,18484.8,18478.71,18478.8,False,Green,Neutro
2024-07-18 04:05:00,18478.72,18483.81,18478.72,18482.81,False,Green,Neutro
2024-07-18 04:10:00,18482.79,18482.82,18474.81,18474.81,False,White,Médio
2024-07-18 04:15:00,18474.8,18477.73,18471.82,18471.82,False,White,Médio
2024-07-18 04:20:00,18471.8,18472.83,18463.8,18463.84,False,Red,Neutro
2024-07-18 04:25:00,18463.76,18466.83,18463.71,18464.79,False,Red,Neutro
2024-07-18 04:30:00,18464.73,18466.79,18462.74,18464.81,False,Red,Neutro
2024-07-18 04:35:00,18464.77,18465.86,18463.75,18465.86,False,Red,Neutro
2024-07-18 04:40:00,18465.85,18467.86,18463.74,18466.83,False,Red,Neutro
2024-07-18 04:45:00,18467.78,18475.86,18466.83,18471.84,False,White,Médio
2024-07-18 04:50:00,18471.77,18472.88,18467.77,18472.88,False,White,Médio
2024-07-18 04:55:00,18473.85,18476.88,18471.76,18472.88,False,White,Médio
2024-07-18 05:00:00,18471.86,18473.89,18471.78,18471.89,False,White,Médio
2024-07-18 05:05:00,18471.87,18475.9,18471.79,18473.89,False,White,Médio
2024-07-18 05:10:00,18473.83,18473.9,18472.78,18473.9,False,White,Neutro
2024-07-18 05:15:00,18473.81,18475.91,18471.87,18471.87,False,White,Neutro
2024-07-18 05:20:00,18471.81,18476.92,18467.89,18476.92,False,White,Neutro
2024-07-18 05:25:00,18476.85,18478.93,18474.83,18475.93,False,Green,Neutro
2024-07-18 05:30:00,18476.91,18477.93,18460.89,18461.94,True,White,Neutro
2024-07-18 05:35:00,18462.93,18464.94,18460.9,18461.94,False,Red,Neutro
2024-07-18 05:40:00,18462.93,18470.95,18462.86,18466.91,False,White,Neutro
2024-07-18 05:45:00,18466.86,18472.95,18464.87,18470.95,False,White,Neutro
2024-07-18 05:50:00,18471.85,18472.96,18464.85,18464.95,False,White,Neutro
2024-07-18 05:55:00,18464.85,18466.97,18464.84,18466.97,False,Red,Neutro
2024-07-18 06:00:00,18466.96,18474.93,18466.95,18467.94,False,White,Neutro
2024-07-18 06:05:00,18467.98,18469.98,18467.88,18467.99,False,White,Médio
2024-07-18 06:10:00,18467.96,18469.98,18467.88,18467.98,False,White,Neutro
2024-07-18 06:15:00,18467.91,18468.99,18460.89,18460.98,False,White,Neutro
2024-07-18 06:20:00,18459.96,18465.0,18459.89,18465.0,False,Red,Neutro
2024-07-18 06:25:00,18464.92,18471.0,18462.93,18463.01,False,White,Forte Baixa
2024-07-18 06:30:00,18462.93,18465.93,18460.93,18462.98,False,Red,Forte Baixa
2024-07-18 06:35:00,18462.94,18466.02,18462.94,18465.03,False,Red,Médio
2024-07-18 06:40:00,18464.98,18466.03,18464.93,18466.02,False,Red,Médio
2024-07-18 06:45:00,18466.03,18466.04,18462.02,18465.04,False,Red,Médio
2024-07-18 06:50:00,18465.01,18472.05,18463.9,18469.05,False,White,Médio
2024-07-18 06:55:00,18468.97,18477.06,18468.05,18475.04,False,Green,Neutro
2024-07-18 07:00:00,18473.97,18475.04,18459.99,18460.05,True,White,Neutro
2024-07-18 07:05:00,18460.03,18466.02,18459.05,18463.05,False,Red,Neutro
2024-07-18 07:10:00,18462.97,18464.06,18455.99,18456.04,False,Red,Neutro
2024-07-18 07:15:00,18456.04,18458.07,18454.96,18456.06,False,Red,Neutro
2024-07-18 07:20:00,18456.01,18460.08,18455.97,18458.09,False,Red,Neutro
2024-07-18 07:25:00,18458.07,18458.07,18448.03,18449.06,False,Red,Neutro
2024-07-18 07:30:00,18450.07,18458.1,18449.03,18455.1,False,Red,Neutro
2024-07-18 07:35:00,18455.02,18463.06,18454.02,18454.1,False,White,Neutro
2024-07-18 07:40:00,18454.1,18464.05,18454.1,18463.11,False,White,Médio
2024-07-18 07:45:00,18463.11,18466.12,18459.05,18461.13,False,White,Médio
2024-07-18 07:50:00,18461.05,18467.14,18460.04,18467.14,False,White,Médio
2024-07-18 07:55:00,18467.1,18479.13,18467.01,18476.11,False,Green,Neutro
2024-07-18 08:00:00,18478.11,18485.6,18462.2,18462.6,True,White,Neutro
2024-07-18 08:05:00,18462.13,18468.14,18451.14,18467.12,False,White,Neutro
2024-07-18 08:10:00,18466.63,18472.62,18458.21,18471.61,False,White,Neutro
2024-07-18 08:15:00,18471.16,18483.13,18467.63,18477.63,False,Green,Médio
2024-07-18 08:20:00,18476.63,18480.16,18467.63,18477.65,False,Green,Médio
2024-07-18 08:25:00,18478.38,18480.61,18471.58,18473.66,False,Green,Médio
2024-07-18 08:30:00,18474.16,18486.2,18474.16,18482.64,False,Green,Forte Alta
2024-07-18 08:35:00,18482.17,18488.63,18475.26,18488.63,False,Green,Forte Alta
2024-07-18 08:40:00,18489.17,18498.34,18487.6,18497.64,False,Green,Forte Alta
2024-07-18 08:45:00,18498.15,18504.69,18495.18,18499.65,False,Green,Neutro
2024-07-18 08:50:00,18499.67,18503.19,18496.7,18496.7,False,Green,Neutro
2024-07-18 08:55:00,18496.69,18511.68,18496.69,18502.19,False,Green,Neutro
2024-07-18 09:00:00,18512.03,18515.53,18456.52,18462.52,True,White,Neutro
2024-07-18 09:05:00,18461.49,18464.5,18446.1,18460.53,False,Red,Neutro
2024-07-18 09:10:00,18462.01,18485.55,18453.52,18479.54,False,White,Neutro
2024-07-18 09:15:00,18480.54,18480.54,18448.13,18451.12,True,White,Neutro
2024-07-18 09:20:00,18449.51,18468.55,18445.15,18447.55,False,Red,Neutro
2024-07-18 09:25:00,18446.2,18448.15,18399.56,18407.52,True,Red,Neutro
2024-07-18 09:30:00,18407.35,18422.75,18387.73,18420.76,False,Red,Neutro
2024-07-18 09:35:00,18421.73,18431.75,18393.75,18401.72,False,Red,Neutro
2024-07-18 09:40:00,18402.72,18428.75,18398.77,18423.72,False,Red,Neutro
2024-07-18 09:45:00,18422.75,18422.75,18397.76,18403.76,False,Red,Médio
2024-07-18 09:50:00,18402.77,18425.28,18402.74,18407.78,False,Red,Médio
2024-07-18 09:55:00,18408.29,18409.29,18393.77,18407.27,False,Red,Médio
2024-07-18 10:00:00,18407.79,18423.28,18394.26,18402.8,False,Red,Médio
2024-07-18 10:05:00,18401.25,18424.79,18397.79,18409.78,False,Red,Médio
2024-07-18 10:10:00,18410.8,18419.81,18403.4,18413.79,False,Red,Neutro
2024-07-18 10:15:00,18413.35,18427.37,18404.8,18414.82,False,Red,Neutro
2024-07-18 10:20:00,18415.81,18434.82,18405.78,18429.8,False,White,Neutro
2024-07-18 10:25:00,18429.31,18429.81,18414.83,18416.79,False,White,Neutro
2024-07-18 10:30:00,18416.33,18449.84,18409.82,18446.8,False,White,Neutro
2024-07-18 10:35:00,18445.82,18459.83,18442.85,18442.85,False,Green,Forte Alta
2024-07-18 10:40:00,18443.81,18452.84,18435.82,18443.81,False,Green,Forte Alta
2024-07-18 10:45:00,18444.85,18455.42,18437.82,18455.42,False,Green,Forte Alta
2024-07-18 10:50:00,18454.84,18464.85,18447.4,18454.87,False,Green,Neutro
2024-07-18 10:55:00,18454.45,18475.87,18454.45,18475.87,False,Green,Forte Alta
2024-07-18 11:00:00,18474.4,18480.88,18468.42,18468.42,False,Green,Forte Alta
2024-07-18 11:05:00,18469.87,18481.87,18468.84,18474.84,False,Green,Forte Alta
2024-07-18 11:10:00,18475.47,18485.89,18475.47,18480.88,False,Green,Forte Alta
2024-07-18 11:15:00,18480.46,18484.88,18471.51,18483.9,False,Green,Forte Alta
2024-07-18 11:20:00,18482.86,18488.91,18480.47,18486.9,False,Green,Forte Alta
2024-07-18 11:25:00,18487.42,18487.92,18479.47,18481.87,False,Green,Forte Alta
2024-07-18 11:30:00,18482.91,18488.66,18459.92,18464.92,False,Green,Forte Alta
2024-07-18 11:35:00,18464.47,18471.92,18448.51,18451.47,False,White,Médio
2024-07-18 11:40:00,18451.92,18460.94,18446.44,18455.92,False,White,Médio
2024-07-18 11:45:00,18455.48,18471.64,18452.91,18467.91,False,White,Médio
2024-07-18 11:50:00,18468.61,18485.96,18468.61,18482.93,False,Green,Médio
2024-07-18 11:55:00,18483.48,18483.48,18467.91,18474.92,False,Green,Médio
2024-07-18 12:00:00,18475.96,18478.91,18459.92,18465.95,False,White,Médio
2024-07-18 12:05:00,18464.96,18477.97,18459.95,18463.95,False,White,Médio
2024-07-18 12:10:00,18463.98,18472.97,18456.93,18466.97,False,White,Médio
2024-07-18 12:15:00,18467.97,18472.97,18449.95,18449.97,False,White,Médio
2024-07-18 12:20:00,18449.98,18457.5,18440.0,18453.95,False,Red,Forte Baixa
2024-07-18 12:25:00,18454.58,18456.52,18445.56,18455.01,False,Red,Forte Baixa
2024-07-18 12:30:00,18453.99,18468.01,18446.99,18467.99,False,White,Forte Baixa
2024-07-18 12:35:00,18468.0,18477.01,18466.99,18474.0,False,Green,Médio
2024-07-18 12:40:00,18473.0,18478.01,18468.53,18472.02,False,Green,Médio
2024-07-18 12:45:00,18472.01,18478.54,18468.99,18478.04,False,Green,Médio
2024-07-18 12:50:00,18479.61,18479.61,18467.02,18478.03,False,Green,Médio
2024-07-18 12:55:00,18478.59,18486.04,18473.0,18486.04,False,Green,Neutro
2024-07-18 13:00:00,18485.75,18488.05,18478.01,18488.05,False,Green,Neutro
2024-07-18 13:05:00,18487.04,18493.06,18484.54,18492.05,False,Green,Neutro
2024-07-18 13:10:00,18492.63,18492.63,18483.57,18485.03,False,Green,Neutro
2024-07-18 13:15:00,18486.07,18490.07,18467.65,18470.06,False,White,Neutro
2024-07-18 13:20:00,18471.06,18484.59,18470.07,18484.08,False,White,Médio
2024-07-18 13:25:00,18483.06,18485.08,18471.04,18473.07,False,White,Médio
2024-07-18 13:30:00,18474.08,18476.1,18469.08,18474.08,False,White,Médio
2024-07-18 13:35:00,18474.06,18484.11,18471.07,18481.67,False,White,Médio
2024-07-18 13:40:00,18482.06,18491.68,18478.58,18491.1,False,Green,Médio
2024-07-18 13:45:00,18491.66,18494.69,18485.09,18493.1,False,Green,Forte Alta
2024-07-18 13:50:00,18493.63,18496.66,18489.12,18492.11,False,Green,Forte Alta
2024-07-18 13:55:00,18492.63,18495.11,18485.11,18491.13,False,Green,Forte Alta
2024-07-18 14:00:00,18490.84,18495.1,18486.04,18486.12,False,Green,Forte Alta
2024-07-18 14:05:00,18485.13,18492.7,18482.14,18485.1,False,Green,Médio
2024-07-18 14:10:00,18484.11,18490.15,18483.65,18484.14,False,Green,Médio
2024-07-18 14:15:00,18484.65,18493.64,18469.65,18493.64,False,White,Médio
2024-07-18 14:20:00,18493.16,18496.14,18488.14,18495.17,False,Green,Médio
2024-07-18 14:25:00,18495.73,18500.76,18485.66,18485.66,False,Green,Forte Alta
2024-07-18 14:30:00,18485.68,18492.63,18479.18,18489.16,False,White,Forte Alta
2024-07-18 14:35:00,18488.18,18495.17,18475.18,18484.17,False,White,Forte Alta
2024-07-18 14:40:00,18483.16,18496.2,18483.16,18496.2,False,White,Médio
2024-07-18 14:45:00,18495.16,18506.18,18492.15,18505.18,False,Green,Neutro
2024-07-18 14:50:00,18504.19,18504.74,18493.72,18501.19,False,Green,Neutro
2024-07-18 14:55:00,18501.75,18509.86,18493.72,18501.21,False,Green,Neutro
2024-07-18 15:00:00,18502.75,18505.76,18488.18,18495.77,False,White,Neutro
2024-07-18 15:05:00,18496.21,18508.95,18496.21,18501.23,False,Green,Neutro
2024-07-18 15:10:00,18502.23,18512.21,18497.83,18505.23,False,Green,Neutro
2024-07-18 15:15:00,18505.79,18514.88,18504.21,18512.23,False,Green,Forte Alta
2024-07-18 15:20:00,18511.83,18514.25,18499.26,18503.24,False,Green,Forte Alta
2024-07-18 15:25:00,18504.24,18515.25,18503.79,18514.22,False,Green,Forte Alta
2024-07-18 15:30:00,18513.25,18526.26,18511.78,18515.81,False,Green,Neutro
2024-07-18 15:35:00,18516.26,18535.26,18511.76,18531.23,False,Green,Forte Alta
2024-07-18 15:40:00,18530.26,18538.27,18512.82,18512.82,False,Green,Forte Alta
2024-07-18 15:45:00,18513.28,18517.29,18483.84,18485.28,True,White,Forte Alta
2024-07-18 15:50:00,18486.27,18493.84,18472.27,18477.98,False,Red,Neutro
2024-07-18 15:55:00,18479.28,18503.27,18479.28,18500.3,False,White,Neutro
2024-07-18 16:00:00,18501.3,18503.27,18481.31,18489.3,False,White,Neutro
2024-07-18 16:05:00,18487.96,18489.3,18467.84,18481.32,False,Red,Neutro
2024-07-18 16:10:00,18479.77,18485.32,18471.28,18484.3,False,Red,Neutro
2024-07-18 16:15:00,18484.92,18497.88,18479.9,18480.34,False,White,Neutro
2024-07-18 16:20:00,18479.32,18486.33,18466.34,18486.33,False,Red,Neutro
2024-07-18 16:25:00,18487.3,18487.31,18462.34,18462.91,False,Red,Neutro
2024-07-18 16:30:00,18462.32,18465.86,18446.89,18447.32,False,Red,Neutro
2024-07-18 16:35:00,18447.9,18448.94,18426.36,18435.31,False,Red,Neutro
2024-07-18 16:40:00,18434.34,18434.34,18408.84,18419.33,False,Red,Forte Baixa
2024-07-18 16:45:00,18418.32,18420.32,18390.34,18414.35,False,Red,Forte Baixa
2024-07-18 16:50:00,18414.96,18423.37,18399.88,18418.35,False,Red,Forte Baixa
2024-07-18 16:55:00,18417.05,18422.91,18390.35,18402.39,False,Red,Forte Baixa
2024-07-18 17:00:00,18401.39,18420.39,18392.39,18407.36,False,Red,Médio
2024-07-18 17:05:00,18407.92,18413.39,18392.0,18399.39,False,Red,Médio
2024-07-18 17:10:00,18398.4,18406.89,18389.36,18390.95,False,Red,Forte Baixa
2024-07-18 17:15:00,18391.37,18399.11,18377.38,18377.99,False,Red,Forte Baixa
2024-07-18 17:20:00,18378.41,18382.42,18366.42,18369.4,False,Red,Forte Baixa
2024-07-18 17:25:00,18370.94,18378.13,18359.96,18362.42,False,Red,Forte Baixa
2024-07-18 17:30:00,18361.02,18372.0,18347.99,18352.42,False,Red,Forte Baixa
2024-07-18 17:35:00,18351.96,18374.44,18351.42,18370.95,False,Red,Forte Baixa
2024-07-18 17:40:00,18370.43,18380.46,18363.41,18367.03,False,Red,Forte Baixa
2024-07-18 17:45:00,18365.96,18373.01,18349.46,18349.46,False,Red,Médio
2024-07-18 17:50:00,18350.05,18363.45,18347.98,18354.45,False,Red,Forte Baixa
2024-07-18 17:55:00,18354.97,18355.1,18339.01,18339.46,False,Red,Forte Baixa
2024-07-18 18:00:00,18338.46,18344.48,18328.06,18331.02,False,Red,Forte Baixa
2024-07-18 18:05:00,18330.44,18351.49,18325.46,18349.48,False,Red,Forte Baixa
2024-07-18 18:10:00,18349.05,18349.05,18332.01,18338.23,False,Red,Forte Baixa
2024-07-18 18:15:00,18338.48,18338.48,18325.48,18334.46,False,Red,Forte Baixa
2024-07-18 18:20:00,18334.09,18345.5,18327.49,18331.49,False,Red,Médio
2024-07-18 18:25:00,18330.49,18343.5,18329.52,18339.5,False,Red,Médio
2024-07-18 18:30:00,18338.5,18358.52,18330.49,18358.52,False,Red,Médio
2024-07-18 18:35:00,18357.5,18364.26,18348.52,18363.53,False,Red,Médio
2024-07-18 18:40:00,18363.17,18363.52,18352.52,18362.53,False,Red,Médio
2024-07-18 18:45:00,18362.13,18371.55,18359.54,18360.54,False,White,Neutro
2024-07-18 18:50:00,18359.53,18369.22,18359.51,18366.54,False,White,Neutro
2024-07-18 18:55:00,18365.56,18379.55,18365.53,18378.51,False,White,Neutro
2024-07-18 19:00:00,18377.55,18383.09,18373.15,18373.55,False,Green,Neutro
2024-07-18 19:05:00,18372.14,18372.55,18356.56,18357.57,False,White,Forte Alta
2024-07-18 19:10:00,18358.3,18372.58,18357.56,18369.09,False,White,Forte Alta
2024-07-18 19:15:00,18368.58,18372.22,18362.57,18371.58,False,White,Médio
2024-07-18 19:20:00,18371.15,18381.56,18370.56,18375.58,False,Green,Médio
2024-07-18 19:25:00,18376.15,18376.18,18365.59,18371.12,False,White,Médio
2024-07-18 19:30:00,18371.59,18376.6,18367.6,18367.6,False,White,Médio
2024-07-18 19:35:00,18367.2,18369.6,18362.16,18363.62,False,White,Médio
2024-07-18 19:40:00,18364.6,18367.62,18358.58,18358.58,False,White,Neutro
2024-07-18 19:45:00,18358.25,18368.62,18358.25,18363.59,False,White,Neutro
2024-07-18 19:50:00,18363.24,18363.24,18343.23,18344.62,False,Red,Neutro
2024-07-18 19:55:00,18344.22,18345.23,18333.18,18336.25,False,Red,Neutro
2024-07-18 20:00:00,18335.65,18337.16,18324.2,18329.16,False,Red,Forte Baixa
2024-07-18 20:05:00,18328.66,18332.64,18324.59,18327.62,False,Red,Forte Baixa
2024-07-18 20:10:00,18327.22,18330.63,18315.67,18317.67,False,Red,Forte Baixa
2024-07-18 20:15:00,18318.65,18327.66,18318.63,18321.21,False,Red,Neutro
2024-07-18 20:20:00,18320.66,18334.68,18319.64,18331.65,False,Red,Forte Baixa
2024-07-18 20:25:00,18331.23,18333.21,18315.64,18315.69,False,Red,Forte Baixa
2024-07-18 20:30:00,18316.68,18326.69,18312.29,18322.65,False,Red,Forte Baixa
2024-07-18 20:35:00,18323.21,18327.28,18308.69,18308.69,False,Red,Forte Baixa
2024-07-18 20:40:00,18309.24,18318.69,18308.24,18312.3,False,Red,Forte Baixa
2024-07-18 20:45:00,18311.71,18315.75,18307.3,18307.3,False,Red,Forte Baixa
2024-07-18 20:50:00,18307.69,18319.27,18300.72,18317.71,False,Red,Forte Baixa
2024-07-18 20:55:00,18318.37,18326.3,18317.71,18324.72,False,Red,Forte Baixa
2024-07-18 21:00:00,18323.73,18331.22,18315.72,18317.7,False,White,Forte Baixa
2024-07-18 21:05:00,18318.24,18322.34,18313.72,18316.74,False,Red,Médio
2024-07-18 21:10:00,18315.74,18317.4,18292.24,18300.67,False,Red,Forte Baixa
2024-07-18 21:15:00,18300.71,18308.76,18299.73,18302.3,False,Red,Neutro
2024-07-18 21:20:00,18302.75,18303.52,18295.74,18296.75,False,Red,Forte Baixa
2024-07-18 21:25:00,18297.75,18308.77,18296.75,18307.73,False,Red,Médio
2024-07-18 21:30:00,18307.34,18312.77,18302.32,18311.78,False,Red,Médio
2024-07-18 21:35:00,18312.3,18323.35,18304.76,18320.76,False,White,Médio
2024-07-18 21:40:00,18321.77,18328.79,18317.78,18323.76,False,White,Médio
2024-07-18 21:45:00,18324.79,18342.8,18323.33,18342.32,False,Green,Neutro
2024-07-18 21:50:00,18341.77,18344.78,18312.35,18312.79,True,White,Neutro
2024-07-18 21:55:00,18314.37,18328.79,18313.77,18321.81,False,White,Neutro
2024-07-19 02:15:00,18327.71,18342.7,18325.7,18330.7,False,Green,Neutro
2024-07-19 02:20:00,18331.7,18340.71,18330.69,18336.72,False,Green,Médio
2024-07-19 02:25:00,18336.68,18351.71,18335.65,18345.71,False,Green,Forte Alta
2024-07-19 02:30:00,18344.73,18347.73,18342.61,18344.73,False,Green,Forte Alta
2024-07-19 02:35:00,18345.7,18350.7,18340.7,18342.72,False,Green,Forte Alta
2024-07-19 02:40:00,18341.63,18343.74,18335.64,18339.75,False,Green,Médio
2024-07-19 02:45:00,18340.72,18343.7,18332.63,18333.76,False,Green,Médio
2024-07-19 02:50:00,18333.63,18339.72,18330.67,18338.76,False,White,Médio
2024-07-19 02:55:00,18338.75,18338.77,18334.67,18334.77,False,Green,Médio
2024-07-19 03:00:00,18334.69,18339.78,18334.68,18338.78,False,Green,Médio
2024-07-19 03:05:00,18339.76,18339.76,18331.74,18334.76,False,White,Neutro
2024-07-19 03:10:00,18333.71,18336.78,18329.72,18330.77,False,White,Neutro
2024-07-19 03:15:00,18329.76,18330.78,18324.7,18325.79,False,Red,Neutro
2024-07-19 03:20:00,18325.79,18339.73,18324.78,18336.81,False,White,Neutro
2024-07-19 03:25:00,18339.81,18339.81,18333.71,18335.8,False,Green,Forte Baixa
2024-07-19 03:30:00,18335.8,18340.81,18334.71,18336.77,False,Green,Médio
2024-07-19 03:35:00,18334.82,18338.82,18331.7,18336.81,False,White,Médio
2024-07-19 03:40:00,18336.8,18338.83,18335.71,18335.81,False,Green,Médio
2024-07-19 03:45:00,18333.81,18335.83,18325.76,18325.82,False,White,Médio
2024-07-19 03:50:00,18325.79,18329.85,18325.74,18329.83,False,Red,Médio
2024-07-19 03:55:00,18328.75,18332.84,18325.83,18326.84,False,White,Neutro
2024-07-19 04:00:00,18326.78,18329.85,18315.86,18327.86,False,Red,Neutro
2024-07-19 04:05:00,18327.85,18335.86,18325.87,18326.84,False,White,Neutro
2024-07-19 04:10:00,18326.84,18328.87,18324.86,18325.87,False,Red,Neutro
2024-07-19 04:15:00,18326.79,18326.88,18323.86,18326.88,False,Red,Médio
2024-07-19 04:20:00,18325.87,18327.88,18320.81,18323.86,False,Red,Médio
2024-07-19 04:25:00,18323.79,18326.88,18323.79,18325.9,False,Red,Médio
2024-07-19 04:30:00,18324.81,18326.9,18321.9,18326.89,False,Red,Médio
2024-07-19 04:35:00,18326.81,18333.91,18324.9,18330.91,False,White,Médio
2024-07-19 04:40:00,18331.8,18336.91,18329.86,18335.92,False,White,Neutro
2024-07-19 04:45:00,18335.81,18340.92,18335.81,18338.93,False,Green,Neutro
2024-07-19 04:50:00,18338.85,18343.93,18333.9,18339.9,False,Green,Neutro
2024-07-19 04:55:00,18339.85,18342.91,18336.93,18336.93,False,Green,Neutro
2024-07-19 05:00:00,18337.91,18345.94,18337.84,18343.95,False,Green,Forte Alta
2024-07-19 05:05:00,18343.93,18346.95,18342.88,18343.95,False,Green,Forte Alta
2024-07-19 05:10:00,18343.96,18347.91,18342.95,18342.95,False,Green,Forte Alta
2024-07-19 05:15:00,18342.89,18342.96,18329.84,18338.96,False,White,Neutro
2024-07-19 05:20:00,18338.93,18340.97,18335.9,18336.98,False,Green,Forte Alta
2024-07-19 05:25:00,18336.94,18339.98,18335.88,18337.96,False,Green,Médio
2024-07-19 05:30:00,18338.94,18338.97,18330.98,18335.98,False,White,Médio
2024-07-19 05:35:00,18336.91,18338.99,18334.88,18337.0,False,White,Médio
2024-07-19 05:40:00,18336.92,18337.0,18332.92,18335.01,False,White,Médio
2024-07-19 05:45:00,18334.97,18336.01,18331.9,18333.01,False,White,Médio
2024-07-19 05:50:00,18334.0,18339.02,18328.01,18339.02,False,White,Neutro
2024-07-19 05:55:00,18339.01,18349.02,18339.01,18348.01,False,Green,Neutro
2024-07-19 06:00:00,18347.95,18348.01,18341.92,18343.0,False,Green,Neutro
2024-07-19 06:05:00,18343.02,18348.04,18341.91,18347.03,False,Green,Neutro
2024-07-19 06:10:00,18346.97,18349.05,18346.88,18347.04,False,Green,Neutro
2024-07-19 06:15:00,18346.97,18347.05,18342.03,18344.03,False,Green,Neutro
2024-07-19 06:20:00,18344.05,18349.0,18342.97,18344.05,False,Green,Neutro
2024-07-19 06:25:00,18344.04,18349.98,18343.07,18346.06,False,Green,Neutro
2024-07-19 06:30:00,18346.06,18349.08,18344.94,18349.04,False,Green,Neutro
2024-07-19 06:35:00,18349.08,18349.08,18344.98,18347.06,False,Green,Neutro
2024-07-19 06:40:00,18347.99,18348.08,18345.98,18347.08,False,Green,Médio
2024-07-19 06:45:00,18347.01,18348.09,18344.08,18346.07,False,Green,Médio
2024-07-19 06:50:00,18346.1,18347.1,18345.99,18346.11,False,Green,Médio
2024-07-19 06:55:00,18346.03,18349.09,18344.09,18348.11,False,Green,Médio
2024-07-19 07:00:00,18349.0,18349.12,18346.1,18348.1,False,Green,Médio
2024-07-19 07:05:00,18348.12,18351.06,18346.12,18347.12,False,Green,Forte Alta
2024-07-19 07:10:00,18347.12,18349.04,18346.05,18346.09,False,Green,Forte Alta
2024-07-19 07:15:00,18346.12,18348.13,18346.02,18347.13,False,Green,Forte Alta
2024-07-19 07:20:00,18347.02,18349.07,18343.12,18343.13,False,White,Médio
2024-07-19 07:25:00,18343.03,18345.1,18342.03,18345.08,False,White,Neutro
2024-07-19 07:30:00,18344.14,18350.16,18344.06,18350.16,False,White,Neutro
2024-07-19 07:35:00,18351.01,18357.16,18349.04,18356.16,False,Green,Neutro
2024-07-19 07:40:00,18356.09,18357.08,18350.06,18351.15,False,Green,Neutro
2024-07-19 07:45:00,18350.09,18351.15,18343.18,18347.17,False,White,Neutro
2024-07-19 07:50:00,18347.15,18358.19,18347.09,18356.19,True,White,Neutro
2024-07-19 07:55:00,18356.12,18359.03,18355.09,18358.18,False,Green,Neutro
2024-07-19 08:00:00,18359.17,18360.16,18340.18,18346.66,True,White,Neutro
2024-07-19 08:05:00,18347.18,18356.19,18345.64,18354.19,False,White,Neutro
2024-07-19 08:10:00,18354.59,18355.27,18338.24,18345.7,False,White,Neutro
2024-07-19 08:15:00,18345.18,18347.15,18340.12,18343.2,False,Red,Neutro
2024-07-19 08:20:00,18343.61,18344.2,18340.09,18341.69,False,Red,Neutro
2024-07-19 08:25:00,18342.2,18344.33,18340.17,18343.22,False,Red,Neutro
2024-07-19 08:30:00,18343.7,18343.7,18326.37,18326.71,True,Red,Neutro
2024-07-19 08:35:00,18326.31,18331.22,18316.66,18316.74,False,Red,Neutro
2024-07-19 08:40:00,18317.73,18323.73,18316.63,18323.22,False,Red,Neutro
2024-07-19 08:45:00,18322.73,18325.23,18303.35,18304.74,True,Red,Neutro
2024-07-19 08:50:00,18304.33,18304.34,18281.74,18293.73,False,Red,Neutro
2024-07-19 08:55:00,18294.75,18294.75,18277.71,18287.76,False,Red,Neutro
2024-07-19 09:00:00,18278.58,18289.08,18256.54,18263.56,False,Red,Forte Baixa
2024-07-19 09:05:00,18264.57,18283.23,18254.09,18258.08,False,Red,Forte Baixa
2024-07-19 09:10:00,18257.6,18259.58,18224.58,18249.6,False,Red,Forte Baixa
2024-07-19 09:15:00,18250.59,18267.18,18230.57,18231.59,False,Red,Forte Baixa
2024-07-19 09:20:00,18231.1,18260.61,18228.57,18259.18,True,Red,Forte Baixa
2024-07-19 09:25:00,18258.6,18258.62,18231.63,18233.13,False,Red,Médio
2024-07-19 09:30:00,18232.81,18255.37,18224.29,18238.81,False,Red,Forte Baixa
2024-07-19 09:35:00,18239.36,18252.81,18208.78,18220.31,False,Red,Forte Baixa
2024-07-19 09:40:00,18219.79,18219.79,18176.34,18191.3,False,Red,Forte Baixa
2024-07-19 09:45:00,18192.82,18205.83,18188.81,18203.84,False,Red,Forte Baixa
2024-07-19 09:50:00,18204.33,18223.83,18201.83,18222.8,False,Red,Forte Baixa
2024-07-19 09:55:00,18223.38,18242.84,18219.39,18240.42,False,Red,Médio
2024-07-19 10:00:00,18239.84,18248.84,18212.84,18248.82,False,Red,Médio
2024-07-19 10:05:00,18249.39,18255.42,18227.82,18229.52,False,Red,Médio
2024-07-19 10:10:00,18228.86,18234.85,18205.56,18217.84,False,Red,Médio
2024-07-19 10:15:00,18216.86,18221.86,18186.86,18189.87,False,Red,Médio
2024-07-19 10:20:00,18188.87,18218.86,18185.86,18211.86,False,Red,Neutro
2024-07-19 10:25:00,18210.83,18219.44,18197.85,18212.87,False,Red,Neutro
2024-07-19 10:30:00,18213.88,18218.88,18182.4,18190.85,False,Red,Neutro
2024-07-19 10:35:00,18190.49,18210.9,18186.89,18208.88,False,Red,Neutro
2024-07-19 10:40:00,18209.5,18217.91,18200.88,18213.89,False,Red,Médio
2024-07-19 10:45:00,18212.42,18224.92,18198.77,18203.91,False,Red,Neutro
2024-07-19 10:50:00,18204.91,18226.92,18199.89,18205.92,False,White,Neutro
2024-07-19 10:55:00,18205.41,18222.93,18199.93,18213.91,False,Red,Médio
2024-07-19 11:00:00,18212.42,18236.44,18202.92,18209.93,False,White,Médio
2024-07-19 11:05:00,18208.93,18220.94,18204.92,18219.94,False,Red,Médio
2024-07-19 11:10:00,18218.93,18219.93,18206.9,18213.94,False,Red,Neutro
2024-07-19 11:15:00,18214.95,18230.53,18213.91,18221.94,False,White,Neutro
2024-07-19 11:20:00,18222.45,18222.91,18196.95,18196.95,False,White,Médio
2024-07-19 11:25:00,18197.55,18212.49,18194.92,18210.96,False,Red,Médio
2024-07-19 11:30:00,18211.49,18228.97,18208.94,18213.98,False,White,Médio
2024-07-19 11:35:00,18212.48,18212.98,18184.52,18185.99,False,Red,Médio
2024-07-19 11:40:00,18184.98,18207.99,18180.99,18207.99,False,Red,Neutro
2024-07-19 11:45:00,18209.0,18228.0,18201.56,18214.5,False,White,Neutro
2024-07-19 11:50:00,18215.98,18219.75,18189.96,18194.0,False,White,Neutro
2024-07-19 11:55:00,18194.99,18203.02,18186.99,18200.51,False,Red,Médio
2024-07-19 12:00:00,18200.01,18233.63,18195.98,18233.02,False,White,Médio
2024-07-19 12:05:00,18232.03,18242.01,18215.01,18216.03,False,Green,Neutro
2024-07-19 12:10:00,18215.03,18220.04,18206.02,18220.02,False,White,Neutro
2024-07-19 12:15:00,18220.53,18231.04,18216.0,18225.03,False,Green,Neutro
2024-07-19 12:20:00,18225.53,18226.04,18210.03,18220.01,False,White,Médio
2024-07-19 12:25:00,18221.05,18234.01,18216.75,18227.04,False,White,Médio
2024-07-19 12:30:00,18226.57,18240.65,18222.02,18237.07,False,Green,Médio
2024-07-19 12:35:00,18236.04,18246.05,18226.57,18229.06,False,Green,Neutro
2024-07-19 12:40:00,18228.57,18232.67,18221.57,18222.07,False,Green,Forte Alta
2024-07-19 12:45:00,18223.54,18234.61,18208.05,18210.08,False,White,Forte Alta
2024-07-19 12:50:00,18211.07,18227.04,18210.08,18224.09,False,White,Médio
2024-07-19 12:55:00,18223.08,18238.63,18221.07,18225.09,False,Green,Médio
2024-07-19 13:00:00,18227.1,18236.1,18213.11,18218.58,False,White,Médio
2024-07-19 13:05:00,18218.11,18235.11,18215.09,18233.6,False,White,Médio
2024-07-19 13:10:00,18233.07,18250.12,18230.08,18243.11,False,Green,Forte Alta
2024-07-19 13:15:00,18242.11,18263.13,18237.7,18263.12,False,Green,Forte Alta
2024-07-19 13:20:00,18262.1,18272.1,18255.12,18266.71,False,Green,Forte Alta
2024-07-19 13:25:00,18266.13,18275.14,18264.1,18275.14,False,Green,Neutro
2024-07-19 13:30:00,18276.82,18277.73,18257.68,18259.16,False,Green,Neutro
2024-07-19 13:35:00,18259.15,18262.16,18252.14,18257.11,False,Green,Neutro
2024-07-19 13:40:00,18257.14,18263.16,18248.12,18250.16,False,Green,Neutro
2024-07-19 13:45:00,18249.16,18258.15,18243.15,18244.16,False,Green,Médio
2024-07-19 13:50:00,18242.71,18248.74,18239.77,18247.16,False,White,Médio
2024-07-19 13:55:00,18247.68,18251.18,18240.74,18246.17,False,White,Médio
2024-07-19 14:00:00,18246.77,18256.88,18235.66,18254.16,False,White,Médio
2024-07-19 14:05:00,18255.2,18256.19,18235.19,18239.2,False,White,Médio
2024-07-19 14:10:00,18237.71,18243.2,18231.7,18240.2,False,White,Neutro
2024-07-19 14:15:00,18240.79,18242.19,18220.19,18225.82,False,White,Neutro
2024-07-19 14:20:00,18225.2,18227.22,18211.19,18222.21,False,Red,Neutro
2024-07-19 14:25:00,18221.75,18228.71,18218.79,18219.22,False,Red,Neutro
2024-07-19 14:30:00,18218.21,18244.23,18216.21,18243.22,False,White,Forte Baixa
2024-07-19 14:35:00,18243.23,18253.13,18235.22,18250.23,False,White,Médio
2024-07-19 14:40:00,18250.81,18259.23,18244.76,18244.76,False,Green,Médio
2024-07-19 14:45:00,18245.25,18259.26,18245.22,18258.23,False,Green,Médio
2024-07-19 14:50:00,18257.85,18259.22,18242.25,18244.25,False,Green,Médio
2024-07-19 14:55:00,18243.76,18254.27,18243.25,18249.23,False,Green,Neutro
2024-07-19 15:00:00,18250.77,18258.81,18230.26,18231.98,False,White,Médio
2024-07-19 15:05:00,18232.25,18245.83,18231.26,18243.28,False,White,Médio
2024-07-19 15:10:00,18244.0,18244.0,18232.28,18233.27,False,White,Médio
2024-07-19 15:15:00,18234.28,18235.29,18219.28,18220.29,False,Red,Médio
2024-07-19 15:20:00,18219.89,18234.29,18219.26,18222.29,False,Red,Médio
2024-07-19 15:25:00,18220.83,18227.99,18215.3,18227.32,False,Red,Neutro
2024-07-19 15:30:00,18225.9,18234.32,18206.93,18207.32,False,White,Neutro
2024-07-19 15:35:00,18206.32,18220.96,18199.31,18220.29,False,Red,Neutro
2024-07-19 15:40:00,18219.28,18242.31,18210.33,18213.34,False,White,Neutro
2024-07-19 15:45:00,18212.33,18230.93,18209.33,18230.33,False,White,Forte Baixa
2024-07-19 15:50:00,18228.35,18240.82,18220.34,18233.94,False,White,Médio
2024-07-19 15:55:00,18232.33,18243.36,18225.34,18230.36,False,White,Médio
2024-07-19 16:00:00,18229.88,18229.88,18207.35,18209.35,False,White,Médio
2024-07-19 16:05:00,18207.85,18227.12,18203.91,18225.37,False,Red,Médio
2024-07-19 16:10:00,18226.36,18231.94,18209.93,18215.36,False,White,Médio
2024-07-19 16:15:00,18214.37,18227.38,18209.36,18214.94,False,White,Neutro
2024-07-19 16:20:00,18216.38,18218.38,18205.38,18207.4,False,Red,Neutro
2024-07-19 16:25:00,18208.4,18212.97,18191.38,18194.38,False,Red,Neutro
2024-07-19 16:30:00,18195.4,18200.41,18188.39,18192.39,False,Red,Neutro
2024-07-19 16:35:00,18193.29,18215.05,18190.36,18212.42,False,Red,Neutro
2024-07-19 16:40:00,18213.39,18213.39,18182.43,18182.43,True,Red,Neutro
2024-07-19 16:45:00,18184.41,18193.99,18178.93,18190.42,False,Red,Neutro
2024-07-19 16:50:00,18189.93,18190.43,18178.39,18185.42,False,Red,Neutro
2024-07-19 16:55:00,18186.43,18199.43,18180.42,18197.44,False,Red,Forte Baixa
2024-07-19 17:00:00,18198.43,18208.06,18197.24,18204.45,False,Red,Forte Baixa
2024-07-19 17:05:00,18203.96,18206.45,18191.43,18191.44,False,Red,Médio
2024-07-19 17:10:00,18192.44,18193.45,18171.45,18172.05,False,Red,Forte Baixa
2024-07-19 17:15:00,18171.46,18183.17,18171.42,18180.19,False,Red,Forte Baixa
2024-07-19 17:20:00,18179.46,18185.05,18172.44,18175.45,False,Red,Forte Baixa
2024-07-19 17:25:00,18176.02,18177.43,18157.04,18159.11,False,Red,Forte Baixa
2024-07-19 17:30:00,18158.47,18165.49,18146.47,18165.0,False,Red,Forte Baixa
2024-07-19 17:35:00,18165.48,18167.45,18157.0,18161.49,False,Red,Forte Baixa
2024-07-19 17:40:00,18161.01,18168.05,18157.07,18160.04,False,Red,Forte Baixa
2024-07-19 17:45:00,18159.51,18177.05,18158.06,18174.48,False,Red,Médio
2024-07-19 17:50:00,18174.05,18181.52,18171.06,18180.51,False,Red,Médio
2024-07-19 17:55:00,18179.48,18203.11,18177.03,18202.53,False,White,Médio
2024-07-19 18:00:00,18201.51,18206.11,18195.52,18196.53,False,Green,Médio
2024-07-19 18:05:00,18196.04,18214.5,18195.04,18206.51,False,Green,Neutro
2024-07-19 18:10:00,18207.12,18209.53,18196.53,18201.54,False,Green,Neutro
2024-07-19 18:15:00,18202.08,18209.51,18196.51,18197.12,False,Green,Neutro
2024-07-19 18:20:00,18197.55,18197.56,18184.54,18184.55,False,White,Médio
2024-07-19 18:25:00,18184.07,18189.4,18182.52,18184.57,False,Red,Médio
2024-07-19 18:30:00,18185.24,18187.58,18172.53,18177.14,False,Red,Médio
2024-07-19 18:35:00,18176.57,18189.57,18173.32,18180.58,False,White,Médio
2024-07-19 18:40:00,18181.18,18188.17,18178.55,18179.58,False,White,Médio
2024-07-19 18:45:00,18179.15,18179.59,18171.11,18174.6,False,Red,Neutro
2024-07-19 18:50:00,18175.21,18177.34,18165.59,18168.13,False,Red,Neutro
2024-07-19 18:55:00,18167.56,18178.25,18163.58,18171.6,False,Red,Neutro
2024-07-19 19:00:00,18171.21,18171.21,18156.6,18157.61,False,Red,Neutro
2024-07-19 19:05:00,18159.27,18164.15,18155.61,18164.15,False,Red,Forte Baixa
2024-07-19 19:10:00,18163.62,18164.18,18153.11,18158.33,False,Red,Forte Baixa
2024-07-19 19:15:00,18158.62,18161.64,18155.19,18157.17,False,Red,Forte Baixa
2024-07-19 19:20:00,18156.61,18158.22,18147.17,18153.66,False,Red,Forte Baixa
2024-07-19 19:25:00,18154.25,18163.65,18152.16,18157.66,False,Red,Forte Baixa
2024-07-19 19:30:00,18157.18,18164.67,18151.62,18160.66,False,Red,Forte Baixa
2024-07-19 19:35:00,18160.18,18177.24,18158.23,18172.67,False,White,Médio
2024-07-19 19:40:00,18172.18,18173.63,18153.66,18158.67,False,White,Médio
2024-07-19 19:45:00,18159.19,18174.67,18159.19,18172.25,False,White,Médio
2024-07-19 19:50:00,18172.69,18172.69,18162.67,18164.68,False,White,Médio
2024-07-19 19:55:00,18165.21,18174.69,18162.25,18172.7,False,White,Médio
2024-07-19 20:00:00,18171.71,18175.71,18165.69,18166.69,False,White,Neutro
2024-07-19 20:05:00,18166.28,18173.7,18165.69,18170.7,False,White,Neutro
2024-07-19 20:10:00,18170.25,18173.72,18165.68,18172.69,False,White,Médio
2024-07-19 20:15:00,18173.24,18175.72,18167.72,18169.68,False,White,Neutro
2024-07-19 20:20:00,18169.29,18170.24,18162.73,18163.7,False,White,Neutro
2024-07-19 20:25:00,18163.72,18169.3,18159.7,18161.33,False,White,Neutro
2024-07-19 20:30:00,18161.74,18163.76,18156.74,18162.76,False,Red,Neutro
2024-07-19 20:35:00,18162.34,18166.72,18159.29,18160.26,False,Red,Neutro
2024-07-19 20:40:00,18160.75,18165.38,18155.74,18155.76,False,Red,Neutro
2024-07-19 20:45:00,18154.75,18162.42,18154.74,18162.36,False,Red,Neutro
2024-07-19 20:50:00,18162.74,18172.35,18162.74,18170.43,False,White,Médio
2024-07-19 20:55:00,18169.77,18173.79,18167.32,18169.79,False,Green,Neutro
2024-07-19 21:00:00,18168.78,18185.35,18166.75,18182.76,False,White,Neutro
2024-07-19 21:05:00,18183.37,18188.39,18177.8,18184.79,False,Green,Neutro
2024-07-19 21:10:00,18185.4,18189.79,18183.4,18185.79,False,Green,Neutro
2024-07-19 21:15:00,18184.77,18189.82,18178.79,18188.8,False,Green,Neutro
2024-07-19 21:20:00,18187.36,18193.81,18186.82,18187.81,False,Green,Neutro
2024-07-19 21:25:00,18188.42,18191.47,18184.81,18186.44,False,Green,Neutro
2024-07-19 21:30:00,18186.81,18189.82,18177.82,18179.8,False,Green,Neutro
2024-07-19 21:35:00,18179.39,18182.82,18165.82,18166.81,False,White,Médio
2024-07-19 21:40:00,18167.84,18171.83,18162.84,18165.52,False,Red,Médio
2024-07-19 21:45:00,18165.85,18171.85,18164.83,18167.82,False,Red,Médio
2024-07-19 21:50:00,18166.38,18176.85,18166.38,18170.38,False,White,Médio
2024-07-19 21:55:00,18170.83,18173.85,18165.82,18171.42,False,White,Médio
